borvidek,variety,n_members,mean,p10,p50,p90,std
Badacsonyi,Aglianico,14,0.0029216656,0.0,0.0,0.0,0.010931872
Badacsonyi,Albariño,14,1.0,1.0,1.0,1.0,0.0
Badacsonyi,Arany sárfehér,14,0.95844156,0.8159091055393219,1.0,1.0,0.08516572
Badacsonyi,Assyrtiko,14,0.45007667,0.13786774650216102,0.399944007396698,0.8360134422779084,0.3031302
Badacsonyi,Bianca,14,1.0,1.0,1.0,1.0,0.0
Badacsonyi,Bronner,14,0.9274758,0.75,1.0,1.0,0.11905655
Badacsonyi,Budai zöld,14,1.0,1.0,1.0,1.0,0.0
Badacsonyi,Cabernet Cortis,14,1.0,1.0,1.0,1.0,0.0
Badacsonyi,Cabernet franc,14,1.0,1.0,1.0,1.0,0.0
Badacsonyi,Cabernet sauvignon,14,0.7816583,0.6064877331256866,0.75,1.0,0.15618268
Badacsonyi,Carignan,14,0.0021912493,0.0,0.0,0.0,0.008198904
Badacsonyi,Chardonnay,14,1.0,1.0,1.0,1.0,0.0
Badacsonyi,Cirfandli,14,0.95844156,0.8159091055393219,1.0,1.0,0.08516572
Badacsonyi,Cserszegi fűszeres,14,1.0,1.0,1.0,1.0,0.0
Badacsonyi,Ezerjó,14,0.95844156,0.8159091055393219,1.0,1.0,0.08516572
Badacsonyi,Fiano,14,0.7333579,0.5329041063785553,0.7240557968616486,1.0,0.21616347
Badacsonyi,Furmint,14,0.95844156,0.8159091055393219,1.0,1.0,0.08516572
Badacsonyi,Garnacha,14,0.0021912493,0.0,0.0,0.0,0.008198904
Badacsonyi,Generosa,14,1.0,1.0,1.0,1.0,0.0
Badacsonyi,Hárslevelű,14,0.95844156,0.8159091055393219,1.0,1.0,0.08516572
Badacsonyi,Irsai Olivér,14,0.9285714,0.75,1.0,1.0,0.117201805
Badacsonyi,Johanniter,14,0.9285714,0.75,1.0,1.0,0.117201805
Badacsonyi,Juhfark,14,0.95844156,0.8159091055393219,1.0,1.0,0.08516572
Badacsonyi,Kabar,14,0.95844156,0.8159091055393219,1.0,1.0,0.08516572
Badacsonyi,Kadarka,14,0.95844156,0.8159091055393219,1.0,1.0,0.08516572
Badacsonyi,Királyleányka,14,1.0,1.0,1.0,1.0,0.0
Badacsonyi,Kékfrankos,14,1.0,1.0,1.0,1.0,0.0
Badacsonyi,Kéknyelű,14,0.95844156,0.8159091055393219,1.0,1.0,0.08516572
Badacsonyi,Kövérszőlő,14,0.95844156,0.8159091055393219,1.0,1.0,0.08516572
Badacsonyi,Leányka,14,1.0,1.0,1.0,1.0,0.0
Badacsonyi,Merlot,14,0.95844156,0.8159091055393219,1.0,1.0,0.08516572
Badacsonyi,Mourvèdre,14,0.0,0.0,0.0,0.0,0.0
Badacsonyi,Muscaris,14,0.9285714,0.75,1.0,1.0,0.117201805
Badacsonyi,Muscat ottonel,14,0.9285714,0.75,1.0,1.0,0.117201805
Badacsonyi,Müller-Thurgau,14,0.9285714,0.75,1.0,1.0,0.117201805
Badacsonyi,Nero d'Avola,14,0.0,0.0,0.0,0.0,0.0
Badacsonyi,Olaszrizling,14,1.0,1.0,1.0,1.0,0.0
Badacsonyi,Pinot blanc,14,0.9285714,0.75,1.0,1.0,0.117201805
Badacsonyi,Pinot noir,14,0.9285714,0.75,1.0,1.0,0.117201805
Badacsonyi,Portugieser,14,1.0,1.0,1.0,1.0,0.0
Badacsonyi,Rajnai rizling,14,0.9285714,0.75,1.0,1.0,0.117201805
Badacsonyi,Rizlingszilváni,14,0.9285714,0.75,1.0,1.0,0.117201805
Badacsonyi,Sangiovese,14,0.81282717,0.75,0.75,1.0,0.1268674
Badacsonyi,Sauvignon blanc,14,1.0,1.0,1.0,1.0,0.0
Badacsonyi,Solaris,14,0.9274758,0.75,1.0,1.0,0.11905655
Badacsonyi,Souvignier Gris,14,1.0,1.0,1.0,1.0,0.0
Badacsonyi,Syrah,14,0.7816583,0.6064877331256866,0.75,1.0,0.15618268
Badacsonyi,Szürkebarát,14,1.0,1.0,1.0,1.0,0.0
Badacsonyi,Sárgamuskotály,14,0.95844156,0.8159091055393219,1.0,1.0,0.08516572
Badacsonyi,Tempranillo,14,0.3029728,0.09191182777285575,0.26662933081388474,0.5573423087596894,0.20800392
Badacsonyi,Touriga Nacional,14,0.08881675,0.0,0.04084594547748566,0.22400895059108739,0.11565611
Badacsonyi,Tramini,14,0.9285714,0.75,1.0,1.0,0.117201805
Badacsonyi,Verdejo,14,0.81282717,0.75,0.75,1.0,0.1268674
Badacsonyi,Vermentino,14,0.81282717,0.75,0.75,1.0,0.1268674
Badacsonyi,Zweigelt,14,1.0,1.0,1.0,1.0,0.0
Badacsonyi,Zéta,14,0.95844156,0.8159091055393219,1.0,1.0,0.08516572
Badacsonyi,Zöld veltelíni,14,0.9285714,0.75,1.0,1.0,0.117201805
Balatonboglári,Aglianico,14,0.38448185,0.17370818108320235,0.38823607563972473,0.5697592020034791,0.2011377
Balatonboglári,Albariño,14,1.0,1.0,1.0,1.0,0.0
Balatonboglári,Arany sárfehér,14,0.9941558,0.9968181848526001,1.0,1.0,0.020594219
Balatonboglári,Assyrtiko,14,0.9902472,0.9603312075138092,1.0,1.0,0.024265438
Balatonboglári,Bianca,14,1.0,1.0,1.0,1.0,0.0
Balatonboglári,Bronner,14,0.58373964,0.44811697900295255,0.6004118323326111,0.6846803426742554,0.100519106
Balatonboglári,Budai zöld,14,0.9974794,1.0,1.0,1.0,0.009431331
Balatonboglári,Cabernet Cortis,14,1.0,1.0,1.0,1.0,0.0
Balatonboglári,Cabernet franc,14,1.0,1.0,1.0,1.0,0.0
Balatonboglári,Cabernet sauvignon,14,0.9941558,0.9968181848526001,1.0,1.0,0.020594219
Balatonboglári,Carignan,14,0.28836137,0.13028112947940826,0.29117706418037415,0.4273193955421448,0.15085328
Balatonboglári,Chardonnay,14,1.0,1.0,1.0,1.0,0.0
Balatonboglári,Cirfandli,14,0.9941558,0.9968181848526001,1.0,1.0,0.020594219
Balatonboglári,Cserszegi fűszeres,14,0.9974794,1.0,1.0,1.0,0.009431331
Balatonboglári,Ezerjó,14,0.9916352,0.9739341974258423,1.0,1.0,0.021939544
Balatonboglári,Fiano,14,1.0,1.0,1.0,1.0,0.0
Balatonboglári,Furmint,14,0.9941558,0.9968181848526001,1.0,1.0,0.020594219
Balatonboglári,Garnacha,14,0.28836137,0.13028112947940826,0.29117706418037415,0.4273193955421448,0.15085328
Balatonboglári,Generosa,14,0.9974794,1.0,1.0,1.0,0.009431331
Balatonboglári,Hárslevelű,14,0.9941558,0.9968181848526001,1.0,1.0,0.020594219
Balatonboglári,Irsai Olivér,14,0.68218774,0.5550701200962067,0.7225080728530884,0.75,0.084869206
Balatonboglári,Johanniter,14,0.68218774,0.5550701200962067,0.7225080728530884,0.75,0.084869206
Balatonboglári,Juhfark,14,0.9941558,0.9968181848526001,1.0,1.0,0.020594219
Balatonboglári,Kabar,14,0.9941558,0.9968181848526001,1.0,1.0,0.020594219
Balatonboglári,Kadarka,14,0.9941558,0.9968181848526001,1.0,1.0,0.020594219
Balatonboglári,Királyleányka,14,0.9974794,1.0,1.0,1.0,0.009431331
Balatonboglári,Kékfrankos,14,1.0,1.0,1.0,1.0,0.0
Balatonboglári,Kéknyelű,14,0.9941558,0.9968181848526001,1.0,1.0,0.020594219
Balatonboglári,Kövérszőlő,14,0.9941558,0.9968181848526001,1.0,1.0,0.020594219
Balatonboglári,Leányka,14,0.9974794,1.0,1.0,1.0,0.009431331
Balatonboglári,Merlot,14,0.9941558,0.9968181848526001,1.0,1.0,0.020594219
Balatonboglári,Mourvèdre,14,0.0,0.0,0.0,0.0,0.0
Balatonboglári,Muscaris,14,0.68218774,0.5550701200962067,0.7225080728530884,0.75,0.084869206
Balatonboglári,Muscat ottonel,14,0.6877138,0.5669751822948456,0.726435512304306,0.75,0.08014355
Balatonboglári,Müller-Thurgau,14,0.68218774,0.5550701200962067,0.7225080728530884,0.75,0.084869206
Balatonboglári,Nero d'Avola,14,0.0,0.0,0.0,0.0,0.0
Balatonboglári,Olaszrizling,14,1.0,1.0,1.0,1.0,0.0
Balatonboglári,Pinot blanc,14,0.71438235,0.6740059733390809,0.726435512304306,0.75,0.042045467
Balatonboglári,Pinot noir,14,0.6877138,0.5669751822948456,0.726435512304306,0.75,0.08014355
Balatonboglári,Portugieser,14,1.0,1.0,1.0,1.0,0.0
Balatonboglári,Rajnai rizling,14,0.6877138,0.5669751822948456,0.726435512304306,0.75,0.08014355
Balatonboglári,Rizlingszilváni,14,0.68218774,0.5550701200962067,0.7225080728530884,0.75,0.084869206
Balatonboglári,Sangiovese,14,1.0,1.0,1.0,1.0,0.0
Balatonboglári,Sauvignon blanc,14,0.9974794,1.0,1.0,1.0,0.009431331
Balatonboglári,Solaris,14,0.58373964,0.44811697900295255,0.6004118323326111,0.6846803426742554,0.100519106
Balatonboglári,Souvignier Gris,14,0.9974794,1.0,1.0,1.0,0.009431331
Balatonboglári,Syrah,14,0.9941558,0.9968181848526001,1.0,1.0,0.020594219
Balatonboglári,Szürkebarát,14,0.9974794,1.0,1.0,1.0,0.009431331
Balatonboglári,Sárgamuskotály,14,0.9941558,0.9968181848526001,1.0,1.0,0.020594219
Balatonboglári,Tempranillo,14,0.93383634,0.8382536232471466,0.981590986251831,1.0,0.10395372
Balatonboglári,Touriga Nacional,14,0.7073799,0.5059808939695358,0.7215694189071655,0.9030925154685975,0.19740966
Balatonboglári,Tramini,14,0.6877138,0.5669751822948456,0.726435512304306,0.75,0.08014355
Balatonboglári,Verdejo,14,1.0,1.0,1.0,1.0,0.0
Balatonboglári,Vermentino,14,1.0,1.0,1.0,1.0,0.0
Balatonboglári,Zweigelt,14,1.0,1.0,1.0,1.0,0.0
Balatonboglári,Zéta,14,0.9941558,0.9968181848526001,1.0,1.0,0.020594219
Balatonboglári,Zöld veltelíni,14,0.71438235,0.6740059733390809,0.726435512304306,0.75,0.042045467
Balatonfelvidéki,Aglianico,14,0.036183152,0.0,0.0,0.10996720083057887,0.06698571
Balatonfelvidéki,Albariño,14,1.0,1.0,1.0,1.0,0.0
Balatonfelvidéki,Arany sárfehér,14,0.9928571,1.0,1.0,1.0,0.02672613
Balatonfelvidéki,Assyrtiko,14,0.7428335,0.42556256949901583,0.8544183373451233,1.0,0.2855402
Balatonfelvidéki,Bianca,14,1.0,1.0,1.0,1.0,0.0
Balatonfelvidéki,Bronner,14,0.84357417,0.7087623238563537,0.75,1.0,0.14228755
Balatonfelvidéki,Budai zöld,14,1.0,1.0,1.0,1.0,0.0
Balatonfelvidéki,Cabernet Cortis,14,1.0,1.0,1.0,1.0,0.0
Balatonfelvidéki,Cabernet franc,14,1.0,1.0,1.0,1.0,0.0
Balatonfelvidéki,Cabernet sauvignon,14,0.8875,0.75,1.0,1.0,0.13613836
Balatonfelvidéki,Carignan,14,0.027137365,0.0,0.0,0.0824754003435374,0.050239287
Balatonfelvidéki,Chardonnay,14,1.0,1.0,1.0,1.0,0.0
Balatonfelvidéki,Cirfandli,14,0.9928571,1.0,1.0,1.0,0.02672613
Balatonfelvidéki,Cserszegi fűszeres,14,1.0,1.0,1.0,1.0,0.0
Balatonfelvidéki,Ezerjó,14,0.9928571,1.0,1.0,1.0,0.02672613
Balatonfelvidéki,Fiano,14,0.8799753,0.75,1.0,1.0,0.15089837
Balatonfelvidéki,Furmint,14,0.9928571,1.0,1.0,1.0,0.02672613
Balatonfelvidéki,Garnacha,14,0.027137365,0.0,0.0,0.0824754003435374,0.050239287
Balatonfelvidéki,Generosa,14,1.0,1.0,1.0,1.0,0.0
Balatonfelvidéki,Hárslevelű,14,0.9928571,1.0,1.0,1.0,0.02672613
Balatonfelvidéki,Irsai Olivér,14,0.85714287,0.75,0.75,1.0,0.12838815
Balatonfelvidéki,Johanniter,14,0.85714287,0.75,0.75,1.0,0.12838815
Balatonfelvidéki,Juhfark,14,0.9928571,1.0,1.0,1.0,0.02672613
Balatonfelvidéki,Kabar,14,0.9928571,1.0,1.0,1.0,0.02672613
Balatonfelvidéki,Kadarka,14,0.9928571,1.0,1.0,1.0,0.02672613
Balatonfelvidéki,Királyleányka,14,1.0,1.0,1.0,1.0,0.0
Balatonfelvidéki,Kékfrankos,14,1.0,1.0,1.0,1.0,0.0
Balatonfelvidéki,Kéknyelű,14,0.9928571,1.0,1.0,1.0,0.02672613
Balatonfelvidéki,Kövérszőlő,14,0.9928571,1.0,1.0,1.0,0.02672613
Balatonfelvidéki,Leányka,14,1.0,1.0,1.0,1.0,0.0
Balatonfelvidéki,Merlot,14,0.9928571,1.0,1.0,1.0,0.02672613
Balatonfelvidéki,Mourvèdre,14,0.0,0.0,0.0,0.0,0.0
Balatonfelvidéki,Muscaris,14,0.85714287,0.75,0.75,1.0,0.12838815
Balatonfelvidéki,Muscat ottonel,14,0.85714287,0.75,0.75,1.0,0.12838815
Balatonfelvidéki,Müller-Thurgau,14,0.85714287,0.75,0.75,1.0,0.12838815
Balatonfelvidéki,Nero d'Avola,14,0.0,0.0,0.0,0.0,0.0
Balatonfelvidéki,Olaszrizling,14,1.0,1.0,1.0,1.0,0.0
Balatonfelvidéki,Pinot blanc,14,0.85714287,0.75,0.75,1.0,0.12838815
Balatonfelvidéki,Pinot noir,14,0.85714287,0.75,0.75,1.0,0.12838815
Balatonfelvidéki,Portugieser,14,1.0,1.0,1.0,1.0,0.0
Balatonfelvidéki,Rajnai rizling,14,0.85714287,0.75,0.75,1.0,0.12838815
Balatonfelvidéki,Rizlingszilváni,14,0.85714287,0.75,0.75,1.0,0.12838815
Balatonfelvidéki,Sangiovese,14,0.89285713,0.75,1.0,1.0,0.12838815
Balatonfelvidéki,Sauvignon blanc,14,1.0,1.0,1.0,1.0,0.0
Balatonfelvidéki,Solaris,14,0.84357417,0.7087623238563537,0.75,1.0,0.14228755
Balatonfelvidéki,Souvignier Gris,14,1.0,1.0,1.0,1.0,0.0
Balatonfelvidéki,Syrah,14,0.8875,0.75,1.0,1.0,0.13613836
Balatonfelvidéki,Szürkebarát,14,1.0,1.0,1.0,1.0,0.0
Balatonfelvidéki,Sárgamuskotály,14,0.9928571,1.0,1.0,1.0,0.02672613
Balatonfelvidéki,Tempranillo,14,0.53140545,0.28370837569236756,0.5696122348308563,0.7766338884830476,0.2325623
Balatonfelvidéki,Touriga Nacional,14,0.24415998,0.033708374109119185,0.23627889156341553,0.44330054521560674,0.17887485
Balatonfelvidéki,Tramini,14,0.85714287,0.75,0.75,1.0,0.12838815
Balatonfelvidéki,Verdejo,14,0.89285713,0.75,1.0,1.0,0.12838815
Balatonfelvidéki,Vermentino,14,0.89285713,0.75,1.0,1.0,0.12838815
Balatonfelvidéki,Zweigelt,14,1.0,1.0,1.0,1.0,0.0
Balatonfelvidéki,Zéta,14,0.9928571,1.0,1.0,1.0,0.02672613
Balatonfelvidéki,Zöld veltelíni,14,0.85714287,0.75,0.75,1.0,0.12838815
Balatonfüred-Csopaki,Aglianico,14,0.4133274,0.1670903354883194,0.438174232840538,0.6147962391376496,0.22196268
Balatonfüred-Csopaki,Albariño,14,1.0,1.0,1.0,1.0,0.0
Balatonfüred-Csopaki,Arany sárfehér,14,1.0,1.0,1.0,1.0,0.0
Balatonfüred-Csopaki,Assyrtiko,14,0.99140024,1.0,1.0,1.0,0.03217738
Balatonfüred-Csopaki,Bianca,14,1.0,1.0,1.0,1.0,0.0
Balatonfüred-Csopaki,Bronner,14,0.577972,0.4354111164808273,0.5856846570968628,0.6873411118984223,0.105698474
Balatonfüred-Csopaki,Budai zöld,14,0.99442834,0.9929999649524689,1.0,1.0,0.018165564
Balatonfüred-Csopaki,Cabernet Cortis,14,1.0,1.0,1.0,1.0,0.0
Balatonfüred-Csopaki,Cabernet franc,14,1.0,1.0,1.0,1.0,0.0
Balatonfüred-Csopaki,Cabernet sauvignon,14,1.0,1.0,1.0,1.0,0.0
Balatonfüred-Csopaki,Carignan,14,0.30999556,0.12531774789094924,0.3286306858062744,0.4610971748828888,0.166472
Balatonfüred-Csopaki,Chardonnay,14,1.0,1.0,1.0,1.0,0.0
Balatonfüred-Csopaki,Cirfandli,14,0.9992857,1.0,1.0,1.0,0.0026726257
Balatonfüred-Csopaki,Cserszegi fűszeres,14,0.9951426,1.0,1.0,1.0,0.018174646
Balatonfüred-Csopaki,Ezerjó,14,0.9951426,1.0,1.0,1.0,0.018174646
Balatonfüred-Csopaki,Fiano,14,1.0,1.0,1.0,1.0,0.0
Balatonfüred-Csopaki,Furmint,14,1.0,1.0,1.0,1.0,0.0
Balatonfüred-Csopaki,Garnacha,14,0.30999556,0.12531774789094924,0.3286306858062744,0.4610971748828888,0.166472
Balatonfüred-Csopaki,Generosa,14,0.9951426,1.0,1.0,1.0,0.018174646
Balatonfüred-Csopaki,Hárslevelű,14,1.0,1.0,1.0,1.0,0.0
Balatonfüred-Csopaki,Irsai Olivér,14,0.6783681,0.5510361194610596,0.7106846570968628,0.75,0.090010874
Balatonfüred-Csopaki,Johanniter,14,0.6783681,0.5510361194610596,0.7106846570968628,0.75,0.090010874
Balatonfüred-Csopaki,Juhfark,14,1.0,1.0,1.0,1.0,0.0
Balatonfüred-Csopaki,Kabar,14,1.0,1.0,1.0,1.0,0.0
Balatonfüred-Csopaki,Kadarka,14,1.0,1.0,1.0,1.0,0.0
Balatonfüred-Csopaki,Királyleányka,14,0.99442834,0.9929999649524689,1.0,1.0,0.018165564
Balatonfüred-Csopaki,Kékfrankos,14,1.0,1.0,1.0,1.0,0.0
Balatonfüred-Csopaki,Kéknyelű,14,1.0,1.0,1.0,1.0,0.0
Balatonfüred-Csopaki,Kövérszőlő,14,1.0,1.0,1.0,1.0,0.0
Balatonfüred-Csopaki,Leányka,14,0.99442834,0.9929999649524689,1.0,1.0,0.018165564
Balatonfüred-Csopaki,Merlot,14,1.0,1.0,1.0,1.0,0.0
Balatonfüred-Csopaki,Mourvèdre,14,0.0,0.0,0.0,0.0,0.0
Balatonfüred-Csopaki,Muscaris,14,0.6783681,0.5510361194610596,0.7106846570968628,0.75,0.090010874
Balatonfüred-Csopaki,Muscat ottonel,14,0.68506163,0.5714238226413727,0.7163011133670807,0.75,0.08374159
Balatonfüred-Csopaki,Müller-Thurgau,14,0.6783681,0.5510361194610596,0.7106846570968628,0.75,0.090010874
Balatonfüred-Csopaki,Nero d'Avola,14,0.0,0.0,0.0,0.0,0.0
Balatonfüred-Csopaki,Olaszrizling,14,1.0,1.0,1.0,1.0,0.0
Balatonfüred-Csopaki,Pinot blanc,14,0.7062642,0.6570604562759399,0.7163011133670807,0.75,0.049924597
Balatonfüred-Csopaki,Pinot noir,14,0.68506163,0.5714238226413727,0.7163011133670807,0.75,0.08374159
Balatonfüred-Csopaki,Portugieser,14,1.0,1.0,1.0,1.0,0.0
Balatonfüred-Csopaki,Rajnai rizling,14,0.68506163,0.5714238226413727,0.7163011133670807,0.75,0.08374159
Balatonfüred-Csopaki,Rizlingszilváni,14,0.6783681,0.5510361194610596,0.7106846570968628,0.75,0.090010874
Balatonfüred-Csopaki,Sangiovese,14,1.0,1.0,1.0,1.0,0.0
Balatonfüred-Csopaki,Sauvignon blanc,14,0.99442834,0.9929999649524689,1.0,1.0,0.018165564
Balatonfüred-Csopaki,Solaris,14,0.577972,0.4354111164808273,0.5856846570968628,0.6873411118984223,0.105698474
Balatonfüred-Csopaki,Souvignier Gris,14,0.99442834,0.9929999649524689,1.0,1.0,0.018165564
Balatonfüred-Csopaki,Syrah,14,1.0,1.0,1.0,1.0,0.0
Balatonfüred-Csopaki,Szürkebarát,14,0.99442834,0.9929999649524689,1.0,1.0,0.018165564
Balatonfüred-Csopaki,Sárgamuskotály,14,1.0,1.0,1.0,1.0,0.0
Balatonfüred-Csopaki,Tempranillo,14,0.9396681,0.8337569773197174,1.0,1.0,0.11694586
Balatonfüred-Csopaki,Touriga Nacional,14,0.7295937,0.500423663854599,0.7715075612068176,0.948129552602768,0.21548115
Balatonfüred-Csopaki,Tramini,14,0.68506163,0.5714238226413727,0.7163011133670807,0.75,0.08374159
Balatonfüred-Csopaki,Verdejo,14,1.0,1.0,1.0,1.0,0.0
Balatonfüred-Csopaki,Vermentino,14,1.0,1.0,1.0,1.0,0.0
Balatonfüred-Csopaki,Zweigelt,14,1.0,1.0,1.0,1.0,0.0
Balatonfüred-Csopaki,Zéta,14,1.0,1.0,1.0,1.0,0.0
Balatonfüred-Csopaki,Zöld veltelíni,14,0.7062642,0.6570604562759399,0.7163011133670807,0.75,0.049924597
Bükki,Aglianico,14,0.0068215216,0.0,0.0,0.0,0.025523797
Bükki,Albariño,14,0.95408165,0.8346428573131561,1.0,1.0,0.078719355
Bükki,Arany sárfehér,14,0.7922078,0.516818180680275,0.831818163394928,1.0,0.20231833
Bükki,Assyrtiko,14,0.4372818,0.14780939221382142,0.4000525027513504,0.7839437544345857,0.27189398
Bükki,Bianca,14,0.95408165,0.8346428573131561,1.0,1.0,0.078719355
Bükki,Bronner,14,0.9617276,0.825,1.0,1.0,0.09753983
Bükki,Budai zöld,14,0.95408165,0.8346428573131561,1.0,1.0,0.078719355
Bükki,Cabernet Cortis,14,0.95408165,0.8346428573131561,1.0,1.0,0.078719355
Bükki,Cabernet franc,14,0.95408165,0.8346428573131561,1.0,1.0,0.078719355
Bükki,Cabernet sauvignon,14,0.6267046,0.3876136302947998,0.6392045319080353,0.8009090840816498,0.19147837
Bükki,Carignan,14,0.0051161414,0.0,0.0,0.0,0.019142848
Bükki,Chardonnay,14,0.95408165,0.8346428573131561,1.0,1.0,0.078719355
Bükki,Cirfandli,14,0.7922078,0.516818180680275,0.831818163394928,1.0,0.20231833
Bükki,Cserszegi fűszeres,14,0.95408165,0.8346428573131561,1.0,1.0,0.078719355
Bükki,Ezerjó,14,0.7922078,0.516818180680275,0.831818163394928,1.0,0.20231833
Bükki,Fiano,14,0.721579,0.5517996668815612,0.7492423951625824,0.9250000000000003,0.15118542
Bükki,Furmint,14,0.7922078,0.516818180680275,0.831818163394928,1.0,0.20231833
Bükki,Garnacha,14,0.0051161414,0.0,0.0,0.0,0.019142848
Bükki,Generosa,14,0.95408165,0.8346428573131561,1.0,1.0,0.078719355
Bükki,Hárslevelű,14,0.7922078,0.516818180680275,0.831818163394928,1.0,0.20231833
Bükki,Irsai Olivér,14,0.96428573,0.825,1.0,1.0,0.09078413
Bükki,Johanniter,14,0.96428573,0.825,1.0,1.0,0.09078413
Bükki,Juhfark,14,0.7922078,0.516818180680275,0.831818163394928,1.0,0.20231833
Bükki,Kabar,14,0.7922078,0.516818180680275,0.831818163394928,1.0,0.20231833
Bükki,Kadarka,14,0.7922078,0.516818180680275,0.831818163394928,1.0,0.20231833
Bükki,Királyleányka,14,0.95408165,0.8346428573131561,1.0,1.0,0.078719355
Bükki,Kékfrankos,14,1.0,1.0,1.0,1.0,0.0
Bükki,Kéknyelű,14,0.7922078,0.516818180680275,0.831818163394928,1.0,0.20231833
Bükki,Kövérszőlő,14,0.7922078,0.516818180680275,0.831818163394928,1.0,0.20231833
Bükki,Leányka,14,0.95408165,0.8346428573131561,1.0,1.0,0.078719355
Bükki,Merlot,14,0.7922078,0.516818180680275,0.831818163394928,1.0,0.20231833
Bükki,Mourvèdre,14,0.0,0.0,0.0,0.0,0.0
Bükki,Muscaris,14,0.96428573,0.825,1.0,1.0,0.09078413
Bükki,Muscat ottonel,14,0.96428573,0.825,1.0,1.0,0.09078413
Bükki,Müller-Thurgau,14,0.96428573,0.825,1.0,1.0,0.09078413
Bükki,Nero d'Avola,14,0.0,0.0,0.0,0.0,0.0
Bükki,Olaszrizling,14,0.95408165,0.8346428573131561,1.0,1.0,0.078719355
Bükki,Pinot blanc,14,0.96428573,0.825,1.0,1.0,0.09078413
Bükki,Pinot noir,14,0.96428573,0.825,1.0,1.0,0.09078413
Bükki,Portugieser,14,0.95408165,0.8346428573131561,1.0,1.0,0.078719355
Bükki,Rajnai rizling,14,0.96428573,0.825,1.0,1.0,0.09078413
Bükki,Rizlingszilváni,14,0.96428573,0.825,1.0,1.0,0.09078413
Bükki,Sangiovese,14,0.75127554,0.6259821236133576,0.75,0.9250000000000003,0.11990229
Bükki,Sauvignon blanc,14,0.95408165,0.8346428573131561,1.0,1.0,0.078719355
Bükki,Solaris,14,0.9617276,0.825,1.0,1.0,0.09753983
Bükki,Souvignier Gris,14,0.95408165,0.8346428573131561,1.0,1.0,0.078719355
Bükki,Syrah,14,0.6267046,0.3876136302947998,0.6392045319080353,0.8009090840816498,0.19147837
Bükki,Szürkebarát,14,0.95408165,0.8346428573131561,1.0,1.0,0.078719355
Bükki,Sárgamuskotály,14,0.7922078,0.516818180680275,0.831818163394928,1.0,0.20231833
Bükki,Tempranillo,14,0.2983427,0.0985395923256874,0.26670166850090027,0.5226291865110398,0.19753338
Bükki,Touriga Nacional,14,0.103543736,0.0,0.0369619894772768,0.25565948039293296,0.12937345
Bükki,Tramini,14,0.96428573,0.825,1.0,1.0,0.09078413
Bükki,Verdejo,14,0.75127554,0.6259821236133576,0.75,0.9250000000000003,0.11990229
Bükki,Vermentino,14,0.75127554,0.6259821236133576,0.75,0.9250000000000003,0.11990229
Bükki,Zweigelt,14,1.0,1.0,1.0,1.0,0.0
Bükki,Zéta,14,0.7922078,0.516818180680275,0.831818163394928,1.0,0.20231833
Bükki,Zöld veltelíni,14,0.96428573,0.825,1.0,1.0,0.09078413
Csongrádi,Aglianico,14,0.862699,0.6317375004291534,0.9347110986709595,1.0,0.16627245
Csongrádi,Albariño,14,0.87053573,0.7504166841506958,0.8833333253860474,1.0,0.17085649
Csongrádi,Arany sárfehér,14,0.8115594,0.6472472548484802,0.7909091114997864,1.0,0.1767628
Csongrádi,Assyrtiko,14,0.9522728,0.7872727513313293,1.0,1.0,0.09445446
Csongrádi,Bianca,14,0.8592867,0.6472472548484802,0.9956190586090088,1.0,0.19180295
Csongrádi,Bronner,14,0.1749003,0.034006134048104285,0.13355498388409615,0.3535598695278168,0.14354701
Csongrádi,Budai zöld,14,0.5990705,0.3144801497459412,0.597548097372055,0.9351922690868378,0.30160218
Csongrádi,Cabernet Cortis,14,0.78660667,0.5337951838970184,0.8708333373069763,1.0,0.24002935
Csongrádi,Cabernet franc,14,0.88061225,0.7309821724891663,1.0,1.0,0.1700755
Csongrádi,Cabernet sauvignon,14,0.9142625,0.7627272784709931,0.9887987077236176,1.0,0.12746698
Csongrádi,Carignan,14,0.73630995,0.47380310893058775,0.7010333240032196,1.0,0.2254052
Csongrádi,Chardonnay,14,0.78660667,0.5337951838970184,0.8708333373069763,1.0,0.24002935
Csongrádi,Cirfandli,14,0.61599904,0.37496229708194734,0.5770795345306396,0.9973714351654053,0.2838845
Csongrádi,Cserszegi fűszeres,14,0.7114487,0.4476791173219681,0.8066573441028595,0.955537611246109,0.24385762
Csongrádi,Ezerjó,14,0.6681792,0.4476791173219681,0.6777099370956421,0.9211067080497742,0.21997574
Csongrádi,Fiano,14,0.9619898,0.9289285600185394,1.0,1.0,0.10598834
Csongrádi,Furmint,14,0.93642455,0.7792329967021943,1.0,1.0,0.103965454
Csongrádi,Garnacha,14,0.73630995,0.47380310893058775,0.7010333240032196,1.0,0.2254052
Csongrádi,Generosa,14,0.7114487,0.4476791173219681,0.8066573441028595,0.955537611246109,0.24385762
Csongrádi,Hárslevelű,14,0.9142625,0.7627272784709931,0.9887987077236176,1.0,0.12746698
Csongrádi,Irsai Olivér,14,0.2266674,0.04720925986766815,0.1718362346291542,0.45325292646884924,0.18152878
Csongrádi,Johanniter,14,0.2266674,0.04720925986766815,0.1718362346291542,0.45325292646884924,0.18152878
Csongrádi,Juhfark,14,0.7580939,0.6028125166893006,0.7418560683727264,1.0,0.20518734
Csongrádi,Kabar,14,0.9142625,0.7627272784709931,0.9887987077236176,1.0,0.12746698
Csongrádi,Kadarka,14,0.9142625,0.7627272784709931,0.9887987077236176,1.0,0.12746698
Csongrádi,Királyleányka,14,0.5990705,0.3144801497459412,0.597548097372055,0.9351922690868378,0.30160218
Csongrádi,Kékfrankos,14,0.78660667,0.5337951838970184,0.8708333373069763,1.0,0.24002935
Csongrádi,Kéknyelű,14,0.7405339,0.5337951838970184,0.735878050327301,1.0,0.21916315
Csongrádi,Kövérszőlő,14,0.9142625,0.7627272784709931,0.9887987077236176,1.0,0.12746698
Csongrádi,Leányka,14,0.5990705,0.3144801497459412,0.597548097372055,0.9351922690868378,0.30160218
Csongrádi,Merlot,14,0.9142625,0.7627272784709931,0.9887987077236176,1.0,0.12746698
Csongrádi,Mourvèdre,14,0.0,0.0,0.0,0.0,0.0
Csongrádi,Muscaris,14,0.2266674,0.04720925986766815,0.1718362346291542,0.45325292646884924,0.18152878
Csongrádi,Muscat ottonel,14,0.23865816,0.051782047003507616,0.1801006942987442,0.47575695812702185,0.18830162
Csongrádi,Müller-Thurgau,14,0.2266674,0.04720925986766815,0.1718362346291542,0.45325292646884924,0.18152878
Csongrádi,Nero d'Avola,14,0.0,0.0,0.0,0.0,0.0
Csongrádi,Olaszrizling,14,0.78660667,0.5337951838970184,0.8708333373069763,1.0,0.24002935
Csongrádi,Pinot blanc,14,0.37153235,0.16933200657367706,0.3790539354085922,0.5965013444423676,0.2023065
Csongrádi,Pinot noir,14,0.23865816,0.051782047003507616,0.1801006942987442,0.47575695812702185,0.18830162
Csongrádi,Portugieser,14,0.78660667,0.5337951838970184,0.8708333373069763,1.0,0.24002935
Csongrádi,Rajnai rizling,14,0.23865816,0.051782047003507616,0.1801006942987442,0.47575695812702185,0.18830162
Csongrádi,Rizlingszilváni,14,0.2266674,0.04720925986766815,0.1718362346291542,0.45325292646884924,0.18152878
Csongrádi,Sangiovese,14,0.9619898,0.9289285600185394,1.0,1.0,0.10598834
Csongrádi,Sauvignon blanc,14,0.5990705,0.3144801497459412,0.597548097372055,0.9351922690868378,0.30160218
Csongrádi,Solaris,14,0.1749003,0.034006134048104285,0.13355498388409615,0.3535598695278168,0.14354701
Csongrádi,Souvignier Gris,14,0.5990705,0.3144801497459412,0.597548097372055,0.9351922690868378,0.30160218
Csongrádi,Syrah,14,0.93642455,0.7792329967021943,1.0,1.0,0.103965454
Csongrádi,Szürkebarát,14,0.5990705,0.3144801497459412,0.597548097372055,0.9351922690868378,0.30160218
Csongrádi,Sárgamuskotály,14,0.7580939,0.6028125166893006,0.7418560683727264,1.0,0.20518734
Csongrádi,Tempranillo,14,0.9522728,0.7872727513313293,1.0,1.0,0.09445446
Csongrádi,Touriga Nacional,14,0.9491745,0.7872727513313293,1.0,1.0,0.09347483
Csongrádi,Tramini,14,0.23865816,0.051782047003507616,0.1801006942987442,0.47575695812702185,0.18830162
Csongrádi,Verdejo,14,0.9619898,0.9289285600185394,1.0,1.0,0.10598834
Csongrádi,Vermentino,14,0.9619898,0.9289285600185394,1.0,1.0,0.10598834
Csongrádi,Zweigelt,14,0.78660667,0.5337951838970184,0.8708333373069763,1.0,0.24002935
Csongrádi,Zéta,14,0.9142625,0.7627272784709931,0.9887987077236176,1.0,0.12746698
Csongrádi,Zöld veltelíni,14,0.37153235,0.16933200657367706,0.3790539354085922,0.5965013444423676,0.2023065
Egri,Aglianico,14,0.14469819,0.0,0.06141669489443302,0.312736251950264,0.15572777
Egri,Albariño,14,0.9627551,0.8378571271896362,1.0,1.0,0.071342185
Egri,Arany sárfehér,14,0.8077922,0.5209090679883956,0.8340908586978912,1.0,0.18863472
Egri,Assyrtiko,14,0.7020649,0.3772952973842621,0.7454545199871063,1.0,0.2543573
Egri,Bianca,14,0.9627551,0.8378571271896362,1.0,1.0,0.071342185
Egri,Bronner,14,0.8038777,0.5821877121925354,0.8402647376060486,1.0,0.1899235
Egri,Budai zöld,14,0.9627551,0.8378571271896362,1.0,1.0,0.071342185
Egri,Cabernet Cortis,14,0.9627551,0.8378571271896362,1.0,1.0,0.071342185
Egri,Cabernet franc,14,0.9627551,0.8378571271896362,1.0,1.0,0.071342185
Egri,Cabernet sauvignon,14,0.7200487,0.3906818002462387,0.7454545199871063,1.0,0.2367477
Egri,Carignan,14,0.10766893,0.0,0.043665532022714615,0.23455219119787218,0.11742056
Egri,Chardonnay,14,0.9627551,0.8378571271896362,1.0,1.0,0.071342185
Egri,Cirfandli,14,0.8077922,0.5209090679883956,0.8340908586978912,1.0,0.18863472
Egri,Cserszegi fűszeres,14,0.9627551,0.8378571271896362,1.0,1.0,0.071342185
Egri,Ezerjó,14,0.8077922,0.5209090679883956,0.8340908586978912,1.0,0.18863472
Egri,Fiano,14,0.84706634,0.6283928394317627,0.875,1.0,0.16495602
Egri,Furmint,14,0.8077922,0.5209090679883956,0.8340908586978912,1.0,0.18863472
Egri,Garnacha,14,0.10766893,0.0,0.043665532022714615,0.23455219119787218,0.11742056
Egri,Generosa,14,0.9627551,0.8378571271896362,1.0,1.0,0.071342185
Egri,Hárslevelű,14,0.8077922,0.5209090679883956,0.8340908586978912,1.0,0.18863472
Egri,Irsai Olivér,14,0.862193,0.7071877121925354,0.875,1.0,0.14595574
Egri,Johanniter,14,0.862193,0.7071877121925354,0.875,1.0,0.14595574
Egri,Juhfark,14,0.8077922,0.5209090679883956,0.8340908586978912,1.0,0.18863472
Egri,Kabar,14,0.8077922,0.5209090679883956,0.8340908586978912,1.0,0.18863472
Egri,Kadarka,14,0.8077922,0.5209090679883956,0.8340908586978912,1.0,0.18863472
Egri,Királyleányka,14,0.9627551,0.8378571271896362,1.0,1.0,0.071342185
Egri,Kékfrankos,14,1.0,1.0,1.0,1.0,0.0
Egri,Kéknyelű,14,0.8077922,0.5209090679883956,0.8340908586978912,1.0,0.18863472
Egri,Kövérszőlő,14,0.8077922,0.5209090679883956,0.8340908586978912,1.0,0.18863472
Egri,Leányka,14,0.9627551,0.8378571271896362,1.0,1.0,0.071342185
Egri,Merlot,14,0.8077922,0.5209090679883956,0.8340908586978912,1.0,0.18863472
Egri,Mourvèdre,14,0.0,0.0,0.0,0.0,0.0
Egri,Muscaris,14,0.862193,0.7071877121925354,0.875,1.0,0.14595574
Egri,Muscat ottonel,14,0.8629225,0.7133037447929382,0.875,1.0,0.14508907
Egri,Müller-Thurgau,14,0.862193,0.7071877121925354,0.875,1.0,0.14595574
Egri,Nero d'Avola,14,0.0,0.0,0.0,0.0,0.0
Egri,Olaszrizling,14,0.9627551,0.8378571271896362,1.0,1.0,0.071342185
Egri,Pinot blanc,14,0.8705878,0.7417486786842347,0.875,1.0,0.13483404
Egri,Pinot noir,14,0.8629225,0.7133037447929382,0.875,1.0,0.14508907
Egri,Portugieser,14,0.9627551,0.8378571271896362,1.0,1.0,0.071342185
Egri,Rajnai rizling,14,0.8629225,0.7133037447929382,0.875,1.0,0.14508907
Egri,Rizlingszilváni,14,0.862193,0.7071877121925354,0.875,1.0,0.14595574
Egri,Sangiovese,14,0.84706634,0.6283928394317627,0.875,1.0,0.16495602
Egri,Sauvignon blanc,14,0.9627551,0.8378571271896362,1.0,1.0,0.071342185
Egri,Solaris,14,0.8038777,0.5821877121925354,0.8402647376060486,1.0,0.1899235
Egri,Souvignier Gris,14,0.9627551,0.8378571271896362,1.0,1.0,0.071342185
Egri,Syrah,14,0.7200487,0.3906818002462387,0.7454545199871063,1.0,0.2367477
Egri,Szürkebarát,14,0.9627551,0.8378571271896362,1.0,1.0,0.071342185
Egri,Sárgamuskotály,14,0.8077922,0.5209090679883956,0.8340908586978912,1.0,0.18863472
Egri,Tempranillo,14,0.5996823,0.2668569505214691,0.6274691522121429,0.9743319630622864,0.28585416
Egri,Touriga Nacional,14,0.37272522,0.11674898192286491,0.3380752205848694,0.6409986078739167,0.23482722
Egri,Tramini,14,0.8629225,0.7133037447929382,0.875,1.0,0.14508907
Egri,Verdejo,14,0.84706634,0.6283928394317627,0.875,1.0,0.16495602
Egri,Vermentino,14,0.84706634,0.6283928394317627,0.875,1.0,0.16495602
Egri,Zweigelt,14,1.0,1.0,1.0,1.0,0.0
Egri,Zéta,14,0.8077922,0.5209090679883956,0.8340908586978912,1.0,0.18863472
Egri,Zöld veltelíni,14,0.8705878,0.7417486786842347,0.875,1.0,0.13483404
Etyek-Budai,Aglianico,14,0.37016132,0.10489231124520303,0.3375077396631241,0.5840478360652923,0.21071276
Etyek-Budai,Albariño,14,1.0,1.0,1.0,1.0,0.0
Etyek-Budai,Arany sárfehér,14,0.9532467,0.8322727084159851,1.0,1.0,0.085734345
Etyek-Budai,Assyrtiko,14,0.93547076,0.7694318175315857,1.0,1.0,0.10078776
Etyek-Budai,Bianca,14,1.0,1.0,1.0,1.0,0.0
Etyek-Budai,Bronner,14,0.5855595,0.42140998542308805,0.6190710663795471,0.7030987083911896,0.16226475
Etyek-Budai,Budai zöld,14,0.99210835,0.9856620967388153,1.0,1.0,0.024254499
Etyek-Budai,Cabernet Cortis,14,1.0,1.0,1.0,1.0,0.0
Etyek-Budai,Cabernet franc,14,1.0,1.0,1.0,1.0,0.0
Etyek-Budai,Cabernet sauvignon,14,0.93547076,0.7694318175315857,1.0,1.0,0.10078776
Etyek-Budai,Carignan,14,0.27754956,0.07866923101246358,0.25313079357147217,0.4380358874797821,0.1581655
Etyek-Budai,Chardonnay,14,1.0,1.0,1.0,1.0,0.0
Etyek-Budai,Cirfandli,14,0.94681823,0.8322727084159851,1.0,1.0,0.08533227
Etyek-Budai,Cserszegi fűszeres,14,0.99853694,1.0,1.0,1.0,0.005474237
Etyek-Budai,Ezerjó,14,0.9517837,0.8322727084159851,1.0,1.0,0.08504714
Etyek-Budai,Fiano,14,0.98214287,1.0,1.0,1.0,0.06681531
Etyek-Budai,Furmint,14,0.9532467,0.8322727084159851,1.0,1.0,0.085734345
Etyek-Budai,Garnacha,14,0.27754956,0.07866923101246358,0.25313079357147217,0.4380358874797821,0.1581655
Etyek-Budai,Generosa,14,0.99853694,1.0,1.0,1.0,0.005474237
Etyek-Budai,Hárslevelű,14,0.9532467,0.8322727084159851,1.0,1.0,0.085734345
Etyek-Budai,Irsai Olivér,14,0.6794065,0.5218006193637847,0.7418742477893829,0.75,0.1438122
Etyek-Budai,Johanniter,14,0.6794065,0.5218006193637847,0.7418742477893829,0.75,0.1438122
Etyek-Budai,Juhfark,14,0.9532467,0.8322727084159851,1.0,1.0,0.085734345
Etyek-Budai,Kabar,14,0.9532467,0.8322727084159851,1.0,1.0,0.085734345
Etyek-Budai,Kadarka,14,0.9532467,0.8322727084159851,1.0,1.0,0.085734345
Etyek-Budai,Királyleányka,14,0.99210835,0.9856620967388153,1.0,1.0,0.024254499
Etyek-Budai,Kékfrankos,14,1.0,1.0,1.0,1.0,0.0
Etyek-Budai,Kéknyelű,14,0.9532467,0.8322727084159851,1.0,1.0,0.085734345
Etyek-Budai,Kövérszőlő,14,0.9532467,0.8322727084159851,1.0,1.0,0.085734345
Etyek-Budai,Leányka,14,0.99210835,0.9856620967388153,1.0,1.0,0.024254499
Etyek-Budai,Merlot,14,0.9532467,0.8322727084159851,1.0,1.0,0.085734345
Etyek-Budai,Mourvèdre,14,0.0,0.0,0.0,0.0,0.0
Etyek-Budai,Muscaris,14,0.6794065,0.5218006193637847,0.7418742477893829,0.75,0.1438122
Etyek-Budai,Muscat ottonel,14,0.6842457,0.5333067715168,0.7430350482463837,0.75,0.13951837
Etyek-Budai,Müller-Thurgau,14,0.6794065,0.5218006193637847,0.7418742477893829,0.75,0.1438122
Etyek-Budai,Nero d'Avola,14,0.0,0.0,0.0,0.0,0.0
Etyek-Budai,Olaszrizling,14,1.0,1.0,1.0,1.0,0.0
Etyek-Budai,Pinot blanc,14,0.72907704,0.6398438215255737,0.7430350482463837,0.75,0.09163142
Etyek-Budai,Pinot noir,14,0.6842457,0.5333067715168,0.7430350482463837,0.75,0.13951837
Etyek-Budai,Portugieser,14,1.0,1.0,1.0,1.0,0.0
Etyek-Budai,Rajnai rizling,14,0.6842457,0.5333067715168,0.7430350482463837,0.75,0.13951837
Etyek-Budai,Rizlingszilváni,14,0.6794065,0.5218006193637847,0.7418742477893829,0.75,0.1438122
Etyek-Budai,Sangiovese,14,0.98214287,1.0,1.0,1.0,0.06681531
Etyek-Budai,Sauvignon blanc,14,0.99210835,0.9856620967388153,1.0,1.0,0.024254499
Etyek-Budai,Solaris,14,0.5855595,0.42140998542308805,0.6190710663795471,0.7030987083911896,0.16226475
Etyek-Budai,Souvignier Gris,14,0.99210835,0.9856620967388153,1.0,1.0,0.024254499
Etyek-Budai,Syrah,14,0.93547076,0.7694318175315857,1.0,1.0,0.10078776
Etyek-Budai,Szürkebarát,14,0.99210835,0.9856620967388153,1.0,1.0,0.024254499
Etyek-Budai,Sárgamuskotály,14,0.9532467,0.8322727084159851,1.0,1.0,0.085734345
Etyek-Budai,Tempranillo,14,0.88658285,0.668225622177124,0.9825057089328766,1.0,0.16496864
Etyek-Budai,Touriga Nacional,14,0.67857116,0.3865589678287506,0.6708410680294037,0.9173811912536621,0.23195513
Etyek-Budai,Tramini,14,0.6842457,0.5333067715168,0.7430350482463837,0.75,0.13951837
Etyek-Budai,Verdejo,14,0.98214287,1.0,1.0,1.0,0.06681531
Etyek-Budai,Vermentino,14,0.98214287,1.0,1.0,1.0,0.06681531
Etyek-Budai,Zweigelt,14,1.0,1.0,1.0,1.0,0.0
Etyek-Budai,Zéta,14,0.9532467,0.8322727084159851,1.0,1.0,0.085734345
Etyek-Budai,Zöld veltelíni,14,0.72907704,0.6398438215255737,0.7430350482463837,0.75,0.09163142
Hajós-Bajai,Aglianico,14,0.74452764,0.41038893163204193,0.7793482542037964,0.9981164634227753,0.23847774
Hajós-Bajai,Albariño,14,0.86126703,0.7233333170413971,0.8696428835391998,1.0,0.1416929
Hajós-Bajai,Arany sárfehér,14,0.8550777,0.6527077913284302,0.8977272808551788,1.0,0.15053411
Hajós-Bajai,Assyrtiko,14,0.89285713,0.678636348247528,0.9318181872367859,1.0,0.14310509
Hajós-Bajai,Bianca,14,0.9460204,0.8434953629970551,1.0,1.0,0.08795351
Hajós-Bajai,Bronner,14,0.20986459,0.02870973814278841,0.16522526741027832,0.4240038186311722,0.1680025
Hajós-Bajai,Budai zöld,14,0.65967655,0.3799641847610474,0.6617757976055145,0.9667515516281129,0.2525114
Hajós-Bajai,Cabernet Cortis,14,0.85727596,0.6848091959953309,0.8696428835391998,1.0,0.14658636
Hajós-Bajai,Cabernet franc,14,0.9510204,0.8760714650154113,1.0,1.0,0.083056636
Hajós-Bajai,Cabernet sauvignon,14,0.86007774,0.6527077913284302,0.9017857015132904,1.0,0.15100496
Hajós-Bajai,Carignan,14,0.55839574,0.3077916830778122,0.5845111906528473,0.7485873341560364,0.17885831
Hajós-Bajai,Chardonnay,14,0.85727596,0.6848091959953309,0.8696428835391998,1.0,0.14658636
Hajós-Bajai,Cirfandli,14,0.63018453,0.42658804059028627,0.6068181991577148,0.9664999961853028,0.23017323
Hajós-Bajai,Cserszegi fűszeres,14,0.7969276,0.5871138572692871,0.8342922329902649,0.9774453938007355,0.17128453
Hajós-Bajai,Ezerjó,14,0.7150197,0.5407463431358337,0.7011848986148834,0.949164777994156,0.17427063
Hajós-Bajai,Fiano,14,0.9510204,0.8760714650154113,1.0,1.0,0.083056636
Hajós-Bajai,Furmint,14,0.8843709,0.678636348247528,0.9181818068027496,1.0,0.14442381
Hajós-Bajai,Garnacha,14,0.55839574,0.3077916830778122,0.5845111906528473,0.7485873341560364,0.17885831
Hajós-Bajai,Generosa,14,0.7969276,0.5871138572692871,0.8342922329902649,0.9774453938007355,0.17128453
Hajós-Bajai,Hárslevelű,14,0.86007774,0.6527077913284302,0.9017857015132904,1.0,0.15100496
Hajós-Bajai,Irsai Olivér,14,0.26533332,0.03933473527431488,0.2078033909201622,0.5306444555521012,0.20685373
Hajós-Bajai,Johanniter,14,0.26533332,0.03933473527431488,0.2078033909201622,0.5306444555521012,0.20685373
Hajós-Bajai,Juhfark,14,0.7766031,0.5773408949375153,0.8179924190044403,0.9943181693553924,0.1701397
Hajós-Bajai,Kabar,14,0.86007774,0.6527077913284302,0.9017857015132904,1.0,0.15100496
Hajós-Bajai,Kadarka,14,0.86007774,0.6527077913284302,0.9017857015132904,1.0,0.15100496
Hajós-Bajai,Királyleányka,14,0.65967655,0.3799641847610474,0.6617757976055145,0.9667515516281129,0.2525114
Hajós-Bajai,Kékfrankos,14,0.87130654,0.6848091959953309,0.9083333313465118,1.0,0.15455839
Hajós-Bajai,Kéknyelű,14,0.77261204,0.5773408949375153,0.817572146654129,0.9943181693553924,0.17213488
Hajós-Bajai,Kövérszőlő,14,0.86007774,0.6527077913284302,0.9017857015132904,1.0,0.15100496
Hajós-Bajai,Leányka,14,0.65967655,0.3799641847610474,0.6617757976055145,0.9667515516281129,0.2525114
Hajós-Bajai,Merlot,14,0.86007774,0.6527077913284302,0.9017857015132904,1.0,0.15100496
Hajós-Bajai,Mourvèdre,14,0.0,0.0,0.0,0.0,0.0
Hajós-Bajai,Muscaris,14,0.26533332,0.03933473527431488,0.2078033909201622,0.5306444555521012,0.20685373
Hajós-Bajai,Muscat ottonel,14,0.2749732,0.04282262362539768,0.21461272239685059,0.5462443530559541,0.21078542
Hajós-Bajai,Müller-Thurgau,14,0.26533332,0.03933473527431488,0.2078033909201622,0.5306444555521012,0.20685373
Hajós-Bajai,Nero d'Avola,14,0.0,0.0,0.0,0.0,0.0
Hajós-Bajai,Olaszrizling,14,0.85727596,0.6848091959953309,0.8696428835391998,1.0,0.14658636
Hajós-Bajai,Pinot blanc,14,0.43491793,0.23483028560876845,0.42427825927734375,0.6580907285213471,0.18350574
Hajós-Bajai,Pinot noir,14,0.2749732,0.04282262362539768,0.21461272239685059,0.5462443530559541,0.21078542
Hajós-Bajai,Portugieser,14,0.85727596,0.6848091959953309,0.8696428835391998,1.0,0.14658636
Hajós-Bajai,Rajnai rizling,14,0.2749732,0.04282262362539768,0.21461272239685059,0.5462443530559541,0.21078542
Hajós-Bajai,Rizlingszilváni,14,0.26533332,0.03933473527431488,0.2078033909201622,0.5306444555521012,0.20685373
Hajós-Bajai,Sangiovese,14,0.9510204,0.8760714650154113,1.0,1.0,0.083056636
Hajós-Bajai,Sauvignon blanc,14,0.65967655,0.3799641847610474,0.6617757976055145,0.9667515516281129,0.2525114
Hajós-Bajai,Solaris,14,0.20986459,0.02870973814278841,0.16522526741027832,0.4240038186311722,0.1680025
Hajós-Bajai,Souvignier Gris,14,0.65967655,0.3799641847610474,0.6617757976055145,0.9667515516281129,0.2525114
Hajós-Bajai,Syrah,14,0.8843709,0.678636348247528,0.9181818068027496,1.0,0.14442381
Hajós-Bajai,Szürkebarát,14,0.65967655,0.3799641847610474,0.6617757976055145,0.9667515516281129,0.2525114
Hajós-Bajai,Sárgamuskotály,14,0.7766031,0.5773408949375153,0.8179924190044403,0.9943181693553924,0.1701397
Hajós-Bajai,Tempranillo,14,0.89285713,0.678636348247528,0.9318181872367859,1.0,0.14310509
Hajós-Bajai,Touriga Nacional,14,0.8743636,0.6219359934329987,0.9318181872367859,1.0,0.15973607
Hajós-Bajai,Tramini,14,0.2749732,0.04282262362539768,0.21461272239685059,0.5462443530559541,0.21078542
Hajós-Bajai,Verdejo,14,0.9510204,0.8760714650154113,1.0,1.0,0.083056636
Hajós-Bajai,Vermentino,14,0.9510204,0.8760714650154113,1.0,1.0,0.083056636
Hajós-Bajai,Zweigelt,14,0.87130654,0.6848091959953309,0.9083333313465118,1.0,0.15455839
Hajós-Bajai,Zéta,14,0.86007774,0.6527077913284302,0.9017857015132904,1.0,0.15100496
Hajós-Bajai,Zöld veltelíni,14,0.43491793,0.23483028560876845,0.42427825927734375,0.6580907285213471,0.18350574
Kunsági,Aglianico,14,0.7011336,0.40044773519039156,0.7186926305294037,0.9358969926834106,0.2255413
Kunsági,Albariño,14,0.9465136,0.8791666209697724,1.0,1.0,0.10040739
Kunsági,Arany sárfehér,14,0.91114914,0.7509090900421143,0.9636363983154297,1.0,0.11708809
Kunsági,Assyrtiko,14,0.9269481,0.7509090900421143,0.9931818246841431,1.0,0.11705304
Kunsági,Bianca,14,0.9799525,0.9443720042705536,1.0,1.0,0.04782995
Kunsági,Bronner,14,0.30822378,0.12208913788199424,0.2951897531747818,0.5312393873929978,0.18386541
Kunsági,Budai zöld,14,0.7899784,0.56498943567276,0.8525000214576721,1.0,0.21029213
Kunsági,Cabernet Cortis,14,0.9431338,0.8627106249332428,1.0,1.0,0.102564685
Kunsági,Cabernet franc,14,0.9836735,0.9600000023841858,1.0,1.0,0.047166873
Kunsági,Cabernet sauvignon,14,0.91487014,0.7509090900421143,0.9818181991577148,1.0,0.11915555
Kunsági,Carignan,14,0.5258502,0.3003357917070389,0.5390194654464722,0.7019227802753448,0.16915599
Kunsági,Chardonnay,14,0.9431338,0.8627106249332428,1.0,1.0,0.102564685
Kunsági,Cirfandli,14,0.7620949,0.6279257237911224,0.7417272627353668,1.0,0.1813542
Kunsági,Cserszegi fűszeres,14,0.8967138,0.7504144847393036,0.9456451535224915,1.0,0.13302413
Kunsági,Ezerjó,14,0.8291103,0.675254738330841,0.8335282504558563,1.0,0.13781486
Kunsági,Fiano,14,0.9836735,0.9600000023841858,1.0,1.0,0.047166873
Kunsági,Furmint,14,0.9251867,0.7509090900421143,0.9818181991577148,1.0,0.11627314
Kunsági,Garnacha,14,0.5258502,0.3003357917070389,0.5390194654464722,0.7019227802753448,0.16915599
Kunsági,Generosa,14,0.8967138,0.7504144847393036,0.9456451535224915,1.0,0.13302413
Kunsági,Hárslevelű,14,0.91487014,0.7509090900421143,0.9818181991577148,1.0,0.11915555
Kunsági,Irsai Olivér,14,0.3864604,0.1650578871369362,0.3658928871154785,0.6535831689834595,0.22257078
Kunsági,Johanniter,14,0.3864604,0.1650578871369362,0.3658928871154785,0.6535831689834595,0.22257078
Kunsági,Juhfark,14,0.8782468,0.681818163394928,0.9124999940395355,1.0,0.13227034
Kunsági,Kabar,14,0.91487014,0.7509090900421143,0.9818181991577148,1.0,0.11915555
Kunsági,Kadarka,14,0.91487014,0.7509090900421143,0.9818181991577148,1.0,0.11915555
Kunsági,Királyleányka,14,0.7899784,0.56498943567276,0.8525000214576721,1.0,0.21029213
Kunsági,Kékfrankos,14,0.9472154,0.8627106249332428,1.0,1.0,0.10368375
Kunsági,Kéknyelű,14,0.8748669,0.681818163394928,0.9083333313465118,1.0,0.13204677
Kunsági,Kövérszőlő,14,0.91487014,0.7509090900421143,0.9818181991577148,1.0,0.11915555
Kunsági,Leányka,14,0.7899784,0.56498943567276,0.8525000214576721,1.0,0.21029213
Kunsági,Merlot,14,0.91487014,0.7509090900421143,0.9818181991577148,1.0,0.11915555
Kunsági,Mourvèdre,14,0.0,0.0,0.0,0.0,0.0
Kunsági,Muscaris,14,0.3864604,0.1650578871369362,0.3658928871154785,0.6535831689834595,0.22257078
Kunsági,Muscat ottonel,14,0.3983117,0.17600854486227036,0.3742251545190811,0.6650801956653596,0.22415347
Kunsági,Müller-Thurgau,14,0.3864604,0.1650578871369362,0.3658928871154785,0.6535831689834595,0.22257078
Kunsági,Nero d'Avola,14,0.0,0.0,0.0,0.0,0.0
Kunsági,Olaszrizling,14,0.9431338,0.8627106249332428,1.0,1.0,0.102564685
Kunsági,Pinot blanc,14,0.51929253,0.3514206618070602,0.5636892914772034,0.6796545684337616,0.15462409
Kunsági,Pinot noir,14,0.3983117,0.17600854486227036,0.3742251545190811,0.6650801956653596,0.22415347
Kunsági,Portugieser,14,0.9431338,0.8627106249332428,1.0,1.0,0.102564685
Kunsági,Rajnai rizling,14,0.3983117,0.17600854486227036,0.3742251545190811,0.6650801956653596,0.22415347
Kunsági,Rizlingszilváni,14,0.3864604,0.1650578871369362,0.3658928871154785,0.6535831689834595,0.22257078
Kunsági,Sangiovese,14,0.9836735,0.9600000023841858,1.0,1.0,0.047166873
Kunsági,Sauvignon blanc,14,0.7899784,0.56498943567276,0.8525000214576721,1.0,0.21029213
Kunsági,Solaris,14,0.30822378,0.12208913788199424,0.2951897531747818,0.5312393873929978,0.18386541
Kunsági,Souvignier Gris,14,0.7899784,0.56498943567276,0.8525000214576721,1.0,0.21029213
Kunsági,Syrah,14,0.9251867,0.7509090900421143,0.9818181991577148,1.0,0.11627314
Kunsági,Szürkebarát,14,0.7899784,0.56498943567276,0.8525000214576721,1.0,0.21029213
Kunsági,Sárgamuskotály,14,0.8782468,0.681818163394928,0.9124999940395355,1.0,0.13227034
Kunsági,Tempranillo,14,0.9269481,0.7509090900421143,0.9931818246841431,1.0,0.11705304
Kunsági,Touriga Nacional,14,0.8901769,0.666162520647049,0.972344309091568,1.0,0.1472603
Kunsági,Tramini,14,0.3983117,0.17600854486227036,0.3742251545190811,0.6650801956653596,0.22415347
Kunsági,Verdejo,14,0.9836735,0.9600000023841858,1.0,1.0,0.047166873
Kunsági,Vermentino,14,0.9836735,0.9600000023841858,1.0,1.0,0.047166873
Kunsági,Zweigelt,14,0.9472154,0.8627106249332428,1.0,1.0,0.10368375
Kunsági,Zéta,14,0.91487014,0.7509090900421143,0.9818181991577148,1.0,0.11915555
Kunsági,Zöld veltelíni,14,0.51929253,0.3514206618070602,0.5636892914772034,0.6796545684337616,0.15462409
Mátrai,Aglianico,14,0.09504516,0.0,0.01075545372441411,0.2158286914229393,0.12483819
Mátrai,Albariño,14,0.8757653,0.6717857539653778,0.9089285731315613,1.0,0.1302559
Mátrai,Arany sárfehér,14,0.626948,0.3095454901456833,0.6113636195659637,0.9186363399028779,0.23815529
Mátrai,Assyrtiko,14,0.5190804,0.209394209086895,0.5028409063816071,0.9022727429866791,0.26578972
Mátrai,Bianca,14,0.8757653,0.6717857539653778,0.9089285731315613,1.0,0.1302559
Mátrai,Bronner,14,0.84505314,0.6002109944820404,0.9863749146461487,1.0,0.20204686
Mátrai,Budai zöld,14,0.87286097,0.6717857539653778,0.9017857015132904,1.0,0.13004133
Mátrai,Cabernet Cortis,14,0.8757653,0.6717857539653778,0.9089285731315613,1.0,0.1302559
Mátrai,Cabernet franc,14,0.8757653,0.6717857539653778,0.9089285731315613,1.0,0.1302559
Mátrai,Cabernet sauvignon,14,0.5388799,0.23215912282466888,0.5028409063816071,0.9022727429866791,0.24835968
Mátrai,Carignan,14,0.07047554,0.0,0.007170302560552955,0.1618715211749077,0.09383269
Mátrai,Chardonnay,14,0.8757653,0.6717857539653778,0.9089285731315613,1.0,0.1302559
Mátrai,Cirfandli,14,0.6250048,0.3095454901456833,0.6022727191448212,0.9186363399028779,0.23846292
Mátrai,Cserszegi fűszeres,14,0.8757653,0.6717857539653778,0.9089285731315613,1.0,0.1302559
Mátrai,Ezerjó,14,0.626948,0.3095454901456833,0.6113636195659637,0.9186363399028779,0.23815529
Mátrai,Fiano,14,0.7415179,0.5038393288850784,0.7165178656578064,1.0,0.18478733
Mátrai,Furmint,14,0.626948,0.3095454901456833,0.6113636195659637,0.9186363399028779,0.23815529
Mátrai,Garnacha,14,0.07047554,0.0,0.007170302560552955,0.1618715211749077,0.09383269
Mátrai,Generosa,14,0.8757653,0.6717857539653778,0.9089285731315613,1.0,0.1302559
Mátrai,Hárslevelű,14,0.626948,0.3095454901456833,0.6113636195659637,0.9186363399028779,0.23815529
Mátrai,Irsai Olivér,14,0.88228476,0.7235609352588653,0.9680555760860443,1.0,0.15564795
Mátrai,Johanniter,14,0.88228476,0.7235609352588653,0.9680555760860443,1.0,0.15564795
Mátrai,Juhfark,14,0.626948,0.3095454901456833,0.6113636195659637,0.9186363399028779,0.23815529
Mátrai,Kabar,14,0.626948,0.3095454901456833,0.6113636195659637,0.9186363399028779,0.23815529
Mátrai,Kadarka,14,0.626948,0.3095454901456833,0.6113636195659637,0.9186363399028779,0.23815529
Mátrai,Királyleányka,14,0.87286097,0.6717857539653778,0.9017857015132904,1.0,0.13004133
Mátrai,Kékfrankos,14,0.9906746,0.955277806520462,1.0,1.0,0.023711007
Mátrai,Kéknyelű,14,0.626948,0.3095454901456833,0.6113636195659637,0.9186363399028779,0.23815529
Mátrai,Kövérszőlő,14,0.626948,0.3095454901456833,0.6113636195659637,0.9186363399028779,0.23815529
Mátrai,Leányka,14,0.87286097,0.6717857539653778,0.9017857015132904,1.0,0.13004133
Mátrai,Merlot,14,0.626948,0.3095454901456833,0.6113636195659637,0.9186363399028779,0.23815529
Mátrai,Mourvèdre,14,0.0,0.0,0.0,0.0,0.0
Mátrai,Muscaris,14,0.88228476,0.7235609352588653,0.9680555760860443,1.0,0.15564795
Mátrai,Muscat ottonel,14,0.8826702,0.7273379325866699,0.9680555760860443,1.0,0.15520051
Mátrai,Müller-Thurgau,14,0.88228476,0.7235609352588653,0.9680555760860443,1.0,0.15564795
Mátrai,Nero d'Avola,14,0.0,0.0,0.0,0.0,0.0
Mátrai,Olaszrizling,14,0.8757653,0.6717857539653778,0.9089285731315613,1.0,0.1302559
Mátrai,Pinot blanc,14,0.8966657,0.7273379325866699,0.9680555760860443,1.0,0.1261208
Mátrai,Pinot noir,14,0.8826702,0.7273379325866699,0.9680555760860443,1.0,0.15520051
Mátrai,Portugieser,14,0.8757653,0.6717857539653778,0.9089285731315613,1.0,0.1302559
Mátrai,Rajnai rizling,14,0.8826702,0.7273379325866699,0.9680555760860443,1.0,0.15520051
Mátrai,Rizlingszilváni,14,0.88228476,0.7235609352588653,0.9680555760860443,1.0,0.15564795
Mátrai,Sangiovese,14,0.7415179,0.5038393288850784,0.7165178656578064,1.0,0.18478733
Mátrai,Sauvignon blanc,14,0.87286097,0.6717857539653778,0.9017857015132904,1.0,0.13004133
Mátrai,Solaris,14,0.84505314,0.6002109944820404,0.9863749146461487,1.0,0.20204686
Mátrai,Souvignier Gris,14,0.87286097,0.6717857539653778,0.9017857015132904,1.0,0.13004133
Mátrai,Syrah,14,0.5388799,0.23215912282466888,0.5028409063816071,0.9022727429866791,0.24835968
Mátrai,Szürkebarát,14,0.87286097,0.6717857539653778,0.9017857015132904,1.0,0.13004133
Mátrai,Sárgamuskotály,14,0.626948,0.3095454901456833,0.6113636195659637,0.9186363399028779,0.23815529
Mátrai,Tempranillo,14,0.4344604,0.14121539443731307,0.3862013816833496,0.8140648365020752,0.2721996
Mátrai,Touriga Nacional,14,0.26147214,0.0522100493311882,0.2184934914112091,0.5135559678077698,0.20906954
Mátrai,Tramini,14,0.8826702,0.7273379325866699,0.9680555760860443,1.0,0.15520051
Mátrai,Verdejo,14,0.7415179,0.5038393288850784,0.7165178656578064,1.0,0.18478733
Mátrai,Vermentino,14,0.7415179,0.5038393288850784,0.7165178656578064,1.0,0.18478733
Mátrai,Zweigelt,14,0.9906746,0.955277806520462,1.0,1.0,0.023711007
Mátrai,Zéta,14,0.626948,0.3095454901456833,0.6113636195659637,0.9186363399028779,0.23815529
Mátrai,Zöld veltelíni,14,0.8966657,0.7273379325866699,0.9680555760860443,1.0,0.1261208
Móri,Aglianico,14,0.000257394,0.0,0.0,0.0,0.0009630801
Móri,Albariño,14,0.9757653,0.8957143068313599,1.0,1.0,0.051320445
Móri,Arany sárfehér,14,0.86883116,0.5945454597473144,0.9409090876579285,1.0,0.16805284
Móri,Assyrtiko,14,0.38535246,0.07198494896292687,0.3730091005563736,0.7074266016483308,0.24669297
Móri,Bianca,14,0.9757653,0.8957143068313599,1.0,1.0,0.051320445
Móri,Bronner,14,0.98197126,0.9983183443546295,1.0,1.0,0.06676899
Móri,Budai zöld,14,0.9757653,0.8957143068313599,1.0,1.0,0.051320445
Móri,Cabernet Cortis,14,0.9757653,0.8957143068313599,1.0,1.0,0.051320445
Móri,Cabernet franc,14,0.9757653,0.8957143068313599,1.0,1.0,0.051320445
Móri,Cabernet sauvignon,14,0.6680195,0.4459091007709503,0.7210226953029633,0.75,0.14476442
Móri,Carignan,14,0.00017159598,0.0,0.0,0.0,0.0006420534
Móri,Chardonnay,14,0.9757653,0.8957143068313599,1.0,1.0,0.051320445
Móri,Cirfandli,14,0.86883116,0.5945454597473144,0.9409090876579285,1.0,0.16805284
Móri,Cserszegi fűszeres,14,0.9757653,0.8957143068313599,1.0,1.0,0.051320445
Móri,Ezerjó,14,0.86883116,0.5945454597473144,0.9409090876579285,1.0,0.16805284
Móri,Fiano,14,0.68145305,0.45213488340377805,0.735095202922821,0.75,0.15671316
Móri,Furmint,14,0.86883116,0.5945454597473144,0.9409090876579285,1.0,0.16805284
Móri,Garnacha,14,0.00017159598,0.0,0.0,0.0,0.0006420534
Móri,Generosa,14,0.9757653,0.8957143068313599,1.0,1.0,0.051320445
Móri,Hárslevelű,14,0.86883116,0.5945454597473144,0.9409090876579285,1.0,0.16805284
Móri,Irsai Olivér,14,0.98214287,1.0,1.0,1.0,0.06681531
Móri,Johanniter,14,0.98214287,1.0,1.0,1.0,0.06681531
Móri,Juhfark,14,0.86883116,0.5945454597473144,0.9409090876579285,1.0,0.16805284
Móri,Kabar,14,0.86883116,0.5945454597473144,0.9409090876579285,1.0,0.16805284
Móri,Kadarka,14,0.86883116,0.5945454597473144,0.9409090876579285,1.0,0.16805284
Móri,Királyleányka,14,0.9757653,0.8957143068313599,1.0,1.0,0.051320445
Móri,Kékfrankos,14,1.0,1.0,1.0,1.0,0.0
Móri,Kéknyelű,14,0.86883116,0.5945454597473144,0.9409090876579285,1.0,0.16805284
Móri,Kövérszőlő,14,0.86883116,0.5945454597473144,0.9409090876579285,1.0,0.16805284
Móri,Leányka,14,0.9757653,0.8957143068313599,1.0,1.0,0.051320445
Móri,Merlot,14,0.86883116,0.5945454597473144,0.9409090876579285,1.0,0.16805284
Móri,Mourvèdre,14,0.0,0.0,0.0,0.0,0.0
Móri,Muscaris,14,0.98214287,1.0,1.0,1.0,0.06681531
Móri,Muscat ottonel,14,0.98214287,1.0,1.0,1.0,0.06681531
Móri,Müller-Thurgau,14,0.98214287,1.0,1.0,1.0,0.06681531
Móri,Nero d'Avola,14,0.0,0.0,0.0,0.0,0.0
Móri,Olaszrizling,14,0.9757653,0.8957143068313599,1.0,1.0,0.051320445
Móri,Pinot blanc,14,0.98214287,1.0,1.0,1.0,0.06681531
Móri,Pinot noir,14,0.98214287,1.0,1.0,1.0,0.06681531
Móri,Portugieser,14,0.9757653,0.8957143068313599,1.0,1.0,0.051320445
Móri,Rajnai rizling,14,0.98214287,1.0,1.0,1.0,0.06681531
Móri,Rizlingszilváni,14,0.98214287,1.0,1.0,1.0,0.06681531
Móri,Sangiovese,14,0.7496811,0.6717857241630554,0.75,0.75,0.081516065
Móri,Sauvignon blanc,14,0.9757653,0.8957143068313599,1.0,1.0,0.051320445
Móri,Solaris,14,0.98197126,0.9983183443546295,1.0,1.0,0.06676899
Móri,Souvignier Gris,14,0.9757653,0.8957143068313599,1.0,1.0,0.051320445
Móri,Syrah,14,0.6680195,0.4459091007709503,0.7210226953029633,0.75,0.14476442
Móri,Szürkebarát,14,0.9757653,0.8957143068313599,1.0,1.0,0.051320445
Móri,Sárgamuskotály,14,0.86883116,0.5945454597473144,0.9409090876579285,1.0,0.16805284
Móri,Tempranillo,14,0.25715905,0.04798996672034264,0.2486727386713028,0.4741401940584184,0.16487402
Móri,Touriga Nacional,14,0.0700915,0.0,0.013839416205883026,0.19751500636339192,0.08907128
Móri,Tramini,14,0.98214287,1.0,1.0,1.0,0.06681531
Móri,Verdejo,14,0.7496811,0.6717857241630554,0.75,0.75,0.081516065
Móri,Vermentino,14,0.7496811,0.6717857241630554,0.75,0.75,0.081516065
Móri,Zweigelt,14,1.0,1.0,1.0,1.0,0.0
Móri,Zéta,14,0.86883116,0.5945454597473144,0.9409090876579285,1.0,0.16805284
Móri,Zöld veltelíni,14,0.98214287,1.0,1.0,1.0,0.06681531
Nagy-Somlói,Aglianico,14,0.1730155,0.004134461749345065,0.15782063826918602,0.3501403778791428,0.14820349
Nagy-Somlói,Albariño,14,1.0,1.0,1.0,1.0,0.0
Nagy-Somlói,Arany sárfehér,14,0.96168834,0.8522727489471436,1.0,1.0,0.080005445
Nagy-Somlói,Assyrtiko,14,0.87507164,0.5439941108226776,1.0,1.0,0.20728053
Nagy-Somlói,Bianca,14,1.0,1.0,1.0,1.0,0.0
Nagy-Somlói,Bronner,14,0.73904383,0.5754345417022705,0.6908172369003296,0.9968251943588257,0.172453
Nagy-Somlói,Budai zöld,14,1.0,1.0,1.0,1.0,0.0
Nagy-Somlói,Cabernet Cortis,14,1.0,1.0,1.0,1.0,0.0
Nagy-Somlói,Cabernet franc,14,1.0,1.0,1.0,1.0,0.0
Nagy-Somlói,Cabernet sauvignon,14,0.8998376,0.6392045497894288,1.0,1.0,0.16848798
Nagy-Somlói,Carignan,14,0.12941478,0.00275630783289671,0.11836547777056694,0.2626052886247635,0.11149895
Nagy-Somlói,Chardonnay,14,1.0,1.0,1.0,1.0,0.0
Nagy-Somlói,Cirfandli,14,0.96168834,0.8522727489471436,1.0,1.0,0.080005445
Nagy-Somlói,Cserszegi fűszeres,14,1.0,1.0,1.0,1.0,0.0
Nagy-Somlói,Ezerjó,14,0.96168834,0.8522727489471436,1.0,1.0,0.080005445
Nagy-Somlói,Fiano,14,0.9285714,0.75,1.0,1.0,0.117201805
Nagy-Somlói,Furmint,14,0.96168834,0.8522727489471436,1.0,1.0,0.080005445
Nagy-Somlói,Garnacha,14,0.12941478,0.00275630783289671,0.11836547777056694,0.2626052886247635,0.11149895
Nagy-Somlói,Generosa,14,1.0,1.0,1.0,1.0,0.0
Nagy-Somlói,Hárslevelű,14,0.96168834,0.8522727489471436,1.0,1.0,0.080005445
Nagy-Somlói,Irsai Olivér,14,0.7990584,0.6693750441074371,0.75,1.0,0.13618259
Nagy-Somlói,Johanniter,14,0.7990584,0.6693750441074371,0.75,1.0,0.13618259
Nagy-Somlói,Juhfark,14,0.96168834,0.8522727489471436,1.0,1.0,0.080005445
Nagy-Somlói,Kabar,14,0.96168834,0.8522727489471436,1.0,1.0,0.080005445
Nagy-Somlói,Kadarka,14,0.96168834,0.8522727489471436,1.0,1.0,0.080005445
Nagy-Somlói,Királyleányka,14,1.0,1.0,1.0,1.0,0.0
Nagy-Somlói,Kékfrankos,14,1.0,1.0,1.0,1.0,0.0
Nagy-Somlói,Kéknyelű,14,0.96168834,0.8522727489471436,1.0,1.0,0.080005445
Nagy-Somlói,Kövérszőlő,14,0.96168834,0.8522727489471436,1.0,1.0,0.080005445
Nagy-Somlói,Leányka,14,1.0,1.0,1.0,1.0,0.0
Nagy-Somlói,Merlot,14,0.96168834,0.8522727489471436,1.0,1.0,0.080005445
Nagy-Somlói,Mourvèdre,14,0.0,0.0,0.0,0.0,0.0
Nagy-Somlói,Muscaris,14,0.7990584,0.6693750441074371,0.75,1.0,0.13618259
Nagy-Somlói,Muscat ottonel,14,0.7996712,0.6693750441074371,0.75,1.0,0.13575476
Nagy-Somlói,Müller-Thurgau,14,0.7990584,0.6693750441074371,0.75,1.0,0.13618259
Nagy-Somlói,Nero d'Avola,14,0.0,0.0,0.0,0.0,0.0
Nagy-Somlói,Olaszrizling,14,1.0,1.0,1.0,1.0,0.0
Nagy-Somlói,Pinot blanc,14,0.8177515,0.7432430446147918,0.75,1.0,0.12012132
Nagy-Somlói,Pinot noir,14,0.7996712,0.6693750441074371,0.75,1.0,0.13575476
Nagy-Somlói,Portugieser,14,1.0,1.0,1.0,1.0,0.0
Nagy-Somlói,Rajnai rizling,14,0.7996712,0.6693750441074371,0.75,1.0,0.13575476
Nagy-Somlói,Rizlingszilváni,14,0.7990584,0.6693750441074371,0.75,1.0,0.13618259
Nagy-Somlói,Sangiovese,14,0.9285714,0.75,1.0,1.0,0.117201805
Nagy-Somlói,Sauvignon blanc,14,1.0,1.0,1.0,1.0,0.0
Nagy-Somlói,Solaris,14,0.73904383,0.5754345417022705,0.6908172369003296,0.9968251943588257,0.172453
Nagy-Somlói,Souvignier Gris,14,1.0,1.0,1.0,1.0,0.0
Nagy-Somlói,Syrah,14,0.8998376,0.6392045497894288,1.0,1.0,0.16848798
Nagy-Somlói,Szürkebarát,14,1.0,1.0,1.0,1.0,0.0
Nagy-Somlói,Sárgamuskotály,14,0.96168834,0.8522727489471436,1.0,1.0,0.080005445
Nagy-Somlói,Tempranillo,14,0.74495703,0.3760096251964569,0.8244872987270355,0.9957854092121124,0.24918221
Nagy-Somlói,Touriga Nacional,14,0.45645076,0.17145629823207856,0.4911539554595947,0.6834737122058869,0.21629225
Nagy-Somlói,Tramini,14,0.7996712,0.6693750441074371,0.75,1.0,0.13575476
Nagy-Somlói,Verdejo,14,0.9285714,0.75,1.0,1.0,0.117201805
Nagy-Somlói,Vermentino,14,0.9285714,0.75,1.0,1.0,0.117201805
Nagy-Somlói,Zweigelt,14,1.0,1.0,1.0,1.0,0.0
Nagy-Somlói,Zéta,14,0.96168834,0.8522727489471436,1.0,1.0,0.080005445
Nagy-Somlói,Zöld veltelíni,14,0.8177515,0.7432430446147918,0.75,1.0,0.12012132
Neszmélyi,Aglianico,14,0.066579126,0.0,0.0023056031204760075,0.1864056989550591,0.099489406
Neszmélyi,Albariño,14,0.9632653,0.8357142567634582,1.0,1.0,0.0757411
Neszmélyi,Arany sárfehér,14,0.81850654,0.5181817978620529,0.8795454204082489,1.0,0.19063804
Neszmélyi,Assyrtiko,14,0.61782324,0.2527175799012184,0.6338011622428894,0.9781818211078644,0.27340776
Neszmélyi,Bianca,14,0.9632653,0.8357142567634582,1.0,1.0,0.0757411
Neszmélyi,Bronner,14,0.88674533,0.6428272724151611,0.9984629452228546,1.0,0.1744323
Neszmélyi,Budai zöld,14,0.9632653,0.8357142567634582,1.0,1.0,0.0757411
Neszmélyi,Cabernet Cortis,14,0.9632653,0.8357142567634582,1.0,1.0,0.0757411
Neszmélyi,Cabernet franc,14,0.9632653,0.8357142567634582,1.0,1.0,0.0757411
Neszmélyi,Cabernet sauvignon,14,0.6801948,0.3886363387107849,0.6920454204082489,0.9781818211078644,0.21232052
Neszmélyi,Carignan,14,0.049119525,0.0,0.0015370686305686831,0.139804270118475,0.074632265
Neszmélyi,Chardonnay,14,0.9632653,0.8357142567634582,1.0,1.0,0.0757411
Neszmélyi,Cirfandli,14,0.81850654,0.5181817978620529,0.8795454204082489,1.0,0.19063804
Neszmélyi,Cserszegi fűszeres,14,0.9632653,0.8357142567634582,1.0,1.0,0.0757411
Neszmélyi,Ezerjó,14,0.81850654,0.5181817978620529,0.8795454204082489,1.0,0.19063804
Neszmélyi,Fiano,14,0.78997076,0.6267856955528259,0.75,1.0,0.14759636
Neszmélyi,Furmint,14,0.81850654,0.5181817978620529,0.8795454204082489,1.0,0.19063804
Neszmélyi,Garnacha,14,0.049119525,0.0,0.0015370686305686831,0.139804270118475,0.074632265
Neszmélyi,Generosa,14,0.9632653,0.8357142567634582,1.0,1.0,0.0757411
Neszmélyi,Hárslevelű,14,0.81850654,0.5181817978620529,0.8795454204082489,1.0,0.19063804
Neszmélyi,Irsai Olivér,14,0.9154018,0.75,1.0,1.0,0.14428446
Neszmélyi,Johanniter,14,0.9154018,0.75,1.0,1.0,0.14428446
Neszmélyi,Juhfark,14,0.81850654,0.5181817978620529,0.8795454204082489,1.0,0.19063804
Neszmélyi,Kabar,14,0.81850654,0.5181817978620529,0.8795454204082489,1.0,0.19063804
Neszmélyi,Kadarka,14,0.81850654,0.5181817978620529,0.8795454204082489,1.0,0.19063804
Neszmélyi,Királyleányka,14,0.9632653,0.8357142567634582,1.0,1.0,0.0757411
Neszmélyi,Kékfrankos,14,1.0,1.0,1.0,1.0,0.0
Neszmélyi,Kéknyelű,14,0.81850654,0.5181817978620529,0.8795454204082489,1.0,0.19063804
Neszmélyi,Kövérszőlő,14,0.81850654,0.5181817978620529,0.8795454204082489,1.0,0.19063804
Neszmélyi,Leányka,14,0.9632653,0.8357142567634582,1.0,1.0,0.0757411
Neszmélyi,Merlot,14,0.81850654,0.5181817978620529,0.8795454204082489,1.0,0.19063804
Neszmélyi,Mourvèdre,14,0.0,0.0,0.0,0.0,0.0
Neszmélyi,Muscaris,14,0.9154018,0.75,1.0,1.0,0.14428446
Neszmélyi,Muscat ottonel,14,0.9154018,0.75,1.0,1.0,0.14428446
Neszmélyi,Müller-Thurgau,14,0.9154018,0.75,1.0,1.0,0.14428446
Neszmélyi,Nero d'Avola,14,0.0,0.0,0.0,0.0,0.0
Neszmélyi,Olaszrizling,14,0.9632653,0.8357142567634582,1.0,1.0,0.0757411
Neszmélyi,Pinot blanc,14,0.9285714,0.75,1.0,1.0,0.117201805
Neszmélyi,Pinot noir,14,0.9154018,0.75,1.0,1.0,0.14428446
Neszmélyi,Portugieser,14,0.9632653,0.8357142567634582,1.0,1.0,0.0757411
Neszmélyi,Rajnai rizling,14,0.9154018,0.75,1.0,1.0,0.14428446
Neszmélyi,Rizlingszilváni,14,0.9154018,0.75,1.0,1.0,0.14428446
Neszmélyi,Sangiovese,14,0.79387754,0.6267856955528259,0.75,1.0,0.14560832
Neszmélyi,Sauvignon blanc,14,0.9632653,0.8357142567634582,1.0,1.0,0.0757411
Neszmélyi,Solaris,14,0.88674533,0.6428272724151611,0.9984629452228546,1.0,0.1744323
Neszmélyi,Souvignier Gris,14,0.9632653,0.8357142567634582,1.0,1.0,0.0757411
Neszmélyi,Syrah,14,0.6801948,0.3886363387107849,0.6920454204082489,0.9781818211078644,0.21232052
Neszmélyi,Szürkebarát,14,0.9632653,0.8357142567634582,1.0,1.0,0.0757411
Neszmélyi,Sárgamuskotály,14,0.81850654,0.5181817978620529,0.8795454204082489,1.0,0.19063804
Neszmélyi,Tempranillo,14,0.4784613,0.16847838312387467,0.4600669741630554,0.8061717629432679,0.26509792
Neszmélyi,Touriga Nacional,14,0.25369495,0.022791287023574115,0.22064269334077835,0.48980813026428227,0.19744217
Neszmélyi,Tramini,14,0.9154018,0.75,1.0,1.0,0.14428446
Neszmélyi,Verdejo,14,0.79387754,0.6267856955528259,0.75,1.0,0.14560832
Neszmélyi,Vermentino,14,0.79387754,0.6267856955528259,0.75,1.0,0.14560832
Neszmélyi,Zweigelt,14,1.0,1.0,1.0,1.0,0.0
Neszmélyi,Zéta,14,0.81850654,0.5181817978620529,0.8795454204082489,1.0,0.19063804
Neszmélyi,Zöld veltelíni,14,0.9285714,0.75,1.0,1.0,0.117201805
Pannonhalmi,Aglianico,14,0.18655537,0.004560564737766982,0.1681046485900879,0.35771100819110874,0.15766537
Pannonhalmi,Albariño,14,0.9918367,0.9653571665287017,1.0,1.0,0.016481545
Pannonhalmi,Arany sárfehér,14,0.91071427,0.6831818222999573,1.0,1.0,0.13501203
Pannonhalmi,Assyrtiko,14,0.8350309,0.48756973445415497,1.0,1.0,0.24294363
Pannonhalmi,Bianca,14,0.9918367,0.9653571665287017,1.0,1.0,0.016481545
Pannonhalmi,Bronner,14,0.72263515,0.5241830110549927,0.686960756778717,0.9955703139305115,0.18731269
Pannonhalmi,Budai zöld,14,0.9914796,0.9653571665287017,1.0,1.0,0.016344652
Pannonhalmi,Cabernet Cortis,14,0.9918367,0.9653571665287017,1.0,1.0,0.016481545
Pannonhalmi,Cabernet franc,14,0.9918367,0.9653571665287017,1.0,1.0,0.016481545
Pannonhalmi,Cabernet sauvignon,14,0.85795456,0.5123863518238068,1.0,1.0,0.20934254
Pannonhalmi,Carignan,14,0.13951708,0.003040376398712397,0.12607849016785622,0.2682832509279251,0.118644305
Pannonhalmi,Chardonnay,14,0.9918367,0.9653571665287017,1.0,1.0,0.016481545
Pannonhalmi,Cirfandli,14,0.9103571,0.6831818222999573,0.9975000023841858,1.0,0.13476406
Pannonhalmi,Cserszegi fűszeres,14,0.9918367,0.9653571665287017,1.0,1.0,0.016481545
Pannonhalmi,Ezerjó,14,0.91071427,0.6831818222999573,1.0,1.0,0.13501203
Pannonhalmi,Fiano,14,0.922449,0.7240178406238555,1.0,1.0,0.12745136
Pannonhalmi,Furmint,14,0.91071427,0.6831818222999573,1.0,1.0,0.13501203
Pannonhalmi,Garnacha,14,0.13951708,0.003040376398712397,0.12607849016785622,0.2682832509279251,0.118644305
Pannonhalmi,Generosa,14,0.9918367,0.9653571665287017,1.0,1.0,0.016481545
Pannonhalmi,Hárslevelű,14,0.91071427,0.6831818222999573,1.0,1.0,0.13501203
Pannonhalmi,Irsai Olivér,14,0.7855614,0.6222153425216674,0.75,1.0,0.15312727
Pannonhalmi,Johanniter,14,0.7855614,0.6222153425216674,0.75,1.0,0.15312727
Pannonhalmi,Juhfark,14,0.91071427,0.6831818222999573,1.0,1.0,0.13501203
Pannonhalmi,Kabar,14,0.91071427,0.6831818222999573,1.0,1.0,0.13501203
Pannonhalmi,Kadarka,14,0.91071427,0.6831818222999573,1.0,1.0,0.13501203
Pannonhalmi,Királyleányka,14,0.9914796,0.9653571665287017,1.0,1.0,0.016344652
Pannonhalmi,Kékfrankos,14,1.0,1.0,1.0,1.0,0.0
Pannonhalmi,Kéknyelű,14,0.91071427,0.6831818222999573,1.0,1.0,0.13501203
Pannonhalmi,Kövérszőlő,14,0.91071427,0.6831818222999573,1.0,1.0,0.13501203
Pannonhalmi,Leányka,14,0.9914796,0.9653571665287017,1.0,1.0,0.016344652
Pannonhalmi,Merlot,14,0.91071427,0.6831818222999573,1.0,1.0,0.13501203
Pannonhalmi,Mourvèdre,14,0.0,0.0,0.0,0.0,0.0
Pannonhalmi,Muscaris,14,0.7855614,0.6222153425216674,0.75,1.0,0.15312727
Pannonhalmi,Muscat ottonel,14,0.7863804,0.6248676180839539,0.75,1.0,0.15248741
Pannonhalmi,Müller-Thurgau,14,0.7855614,0.6222153425216674,0.75,1.0,0.15312727
Pannonhalmi,Nero d'Avola,14,0.0,0.0,0.0,0.0,0.0
Pannonhalmi,Olaszrizling,14,0.9918367,0.9653571665287017,1.0,1.0,0.016481545
Pannonhalmi,Pinot blanc,14,0.81602114,0.7386154532432556,0.75,1.0,0.12157222
Pannonhalmi,Pinot noir,14,0.7863804,0.6248676180839539,0.75,1.0,0.15248741
Pannonhalmi,Portugieser,14,0.9918367,0.9653571665287017,1.0,1.0,0.016481545
Pannonhalmi,Rajnai rizling,14,0.7863804,0.6248676180839539,0.75,1.0,0.15248741
Pannonhalmi,Rizlingszilváni,14,0.7855614,0.6222153425216674,0.75,1.0,0.15312727
Pannonhalmi,Sangiovese,14,0.922449,0.7240178406238555,1.0,1.0,0.12745136
Pannonhalmi,Sauvignon blanc,14,0.9914796,0.9653571665287017,1.0,1.0,0.016344652
Pannonhalmi,Solaris,14,0.72263515,0.5241830110549927,0.686960756778717,0.9955703139305115,0.18731269
Pannonhalmi,Souvignier Gris,14,0.9914796,0.9653571665287017,1.0,1.0,0.016344652
Pannonhalmi,Syrah,14,0.85795456,0.5123863518238068,1.0,1.0,0.20934254
Pannonhalmi,Szürkebarát,14,0.9914796,0.9653571665287017,1.0,1.0,0.016344652
Pannonhalmi,Sárgamuskotály,14,0.91071427,0.6831818222999573,1.0,1.0,0.13501203
Pannonhalmi,Tempranillo,14,0.7273005,0.33233432471752167,0.8347713351249695,0.9937695324420929,0.2793834
Pannonhalmi,Touriga Nacional,14,0.45725778,0.12213270887732507,0.5014379769563675,0.6883170723915101,0.2368908
Pannonhalmi,Tramini,14,0.7863804,0.6248676180839539,0.75,1.0,0.15248741
Pannonhalmi,Verdejo,14,0.922449,0.7240178406238555,1.0,1.0,0.12745136
Pannonhalmi,Vermentino,14,0.922449,0.7240178406238555,1.0,1.0,0.12745136
Pannonhalmi,Zweigelt,14,1.0,1.0,1.0,1.0,0.0
Pannonhalmi,Zéta,14,0.91071427,0.6831818222999573,1.0,1.0,0.13501203
Pannonhalmi,Zöld veltelíni,14,0.81602114,0.7386154532432556,0.75,1.0,0.12157222
Pécsi,Aglianico,14,0.40263572,0.15784445926547053,0.41543638706207275,0.5901019752025605,0.19745861
Pécsi,Albariño,14,1.0,1.0,1.0,1.0,0.0
Pécsi,Arany sárfehér,14,0.974026,0.905909138917923,1.0,1.0,0.058276482
Pécsi,Assyrtiko,14,0.974026,0.905909138917923,1.0,1.0,0.058276482
Pécsi,Bianca,14,1.0,1.0,1.0,1.0,0.0
Pécsi,Bronner,14,0.5544234,0.40482656955718993,0.59031081199646,0.6801384508609772,0.122230284
Pécsi,Budai zöld,14,0.9879446,0.974867445230484,1.0,1.0,0.033604153
Pécsi,Cabernet Cortis,14,1.0,1.0,1.0,1.0,0.0
Pécsi,Cabernet franc,14,1.0,1.0,1.0,1.0,0.0
Pécsi,Cabernet sauvignon,14,0.974026,0.905909138917923,1.0,1.0,0.058276482
Pécsi,Carignan,14,0.30197677,0.11838334426283836,0.31157729029655457,0.442576476931572,0.14809395
Pécsi,Chardonnay,14,1.0,1.0,1.0,1.0,0.0
Pécsi,Cirfandli,14,0.9629545,0.8797727406024933,1.0,1.0,0.062577285
Pécsi,Cserszegi fűszeres,14,0.9990161,1.0,1.0,1.0,0.003681553
Pécsi,Ezerjó,14,0.9730421,0.905909138917923,1.0,1.0,0.057919398
Pécsi,Fiano,14,1.0,1.0,1.0,1.0,0.0
Pécsi,Furmint,14,0.974026,0.905909138917923,1.0,1.0,0.058276482
Pécsi,Garnacha,14,0.30197677,0.11838334426283836,0.31157729029655457,0.442576476931572,0.14809395
Pécsi,Generosa,14,0.9990161,1.0,1.0,1.0,0.003681553
Pécsi,Hárslevelű,14,0.974026,0.905909138917923,1.0,1.0,0.058276482
Pécsi,Irsai Olivér,14,0.6523008,0.4967015624046326,0.7071011364459991,0.75,0.11815436
Pécsi,Johanniter,14,0.6523008,0.4967015624046326,0.7071011364459991,0.75,0.11815436
Pécsi,Juhfark,14,0.974026,0.905909138917923,1.0,1.0,0.058276482
Pécsi,Kabar,14,0.974026,0.905909138917923,1.0,1.0,0.058276482
Pécsi,Kadarka,14,0.974026,0.905909138917923,1.0,1.0,0.058276482
Pécsi,Királyleányka,14,0.9879446,0.974867445230484,1.0,1.0,0.033604153
Pécsi,Kékfrankos,14,1.0,1.0,1.0,1.0,0.0
Pécsi,Kéknyelű,14,0.974026,0.905909138917923,1.0,1.0,0.058276482
Pécsi,Kövérszőlő,14,0.974026,0.905909138917923,1.0,1.0,0.058276482
Pécsi,Leányka,14,0.9879446,0.974867445230484,1.0,1.0,0.033604153
Pécsi,Merlot,14,0.974026,0.905909138917923,1.0,1.0,0.058276482
Pécsi,Mourvèdre,14,0.0,0.0,0.0,0.0,0.0
Pécsi,Muscaris,14,0.6523008,0.4967015624046326,0.7071011364459991,0.75,0.11815436
Pécsi,Muscat ottonel,14,0.6578873,0.5044942051172256,0.7115554511547089,0.75,0.11433334
Pécsi,Müller-Thurgau,14,0.6523008,0.4967015624046326,0.7071011364459991,0.75,0.11815436
Pécsi,Nero d'Avola,14,0.0,0.0,0.0,0.0,0.0
Pécsi,Olaszrizling,14,1.0,1.0,1.0,1.0,0.0
Pécsi,Pinot blanc,14,0.7034462,0.6425487160682678,0.7202664315700531,0.75,0.0529875
Pécsi,Pinot noir,14,0.6578873,0.5044942051172256,0.7115554511547089,0.75,0.11433334
Pécsi,Portugieser,14,1.0,1.0,1.0,1.0,0.0
Pécsi,Rajnai rizling,14,0.6578873,0.5044942051172256,0.7115554511547089,0.75,0.11433334
Pécsi,Rizlingszilváni,14,0.6523008,0.4967015624046326,0.7071011364459991,0.75,0.11815436
Pécsi,Sangiovese,14,1.0,1.0,1.0,1.0,0.0
Pécsi,Sauvignon blanc,14,0.9879446,0.974867445230484,1.0,1.0,0.033604153
Pécsi,Solaris,14,0.5544234,0.40482656955718993,0.59031081199646,0.6801384508609772,0.122230284
Pécsi,Souvignier Gris,14,0.9879446,0.974867445230484,1.0,1.0,0.033604153
Pécsi,Syrah,14,0.974026,0.905909138917923,1.0,1.0,0.058276482
Pécsi,Szürkebarát,14,0.9879446,0.974867445230484,1.0,1.0,0.033604153
Pécsi,Sárgamuskotály,14,0.974026,0.905909138917923,1.0,1.0,0.058276482
Pécsi,Tempranillo,14,0.93062574,0.7451637804508209,0.9902677536010742,1.0,0.11495016
Pécsi,Touriga Nacional,14,0.72501516,0.4346626549959183,0.7400813698768616,0.9234352886676789,0.20460252
Pécsi,Tramini,14,0.6578873,0.5044942051172256,0.7115554511547089,0.75,0.11433334
Pécsi,Verdejo,14,1.0,1.0,1.0,1.0,0.0
Pécsi,Vermentino,14,1.0,1.0,1.0,1.0,0.0
Pécsi,Zweigelt,14,1.0,1.0,1.0,1.0,0.0
Pécsi,Zéta,14,0.974026,0.905909138917923,1.0,1.0,0.058276482
Pécsi,Zöld veltelíni,14,0.7034462,0.6425487160682678,0.7202664315700531,0.75,0.0529875
Soproni,Aglianico,14,0.084398665,0.0,0.026831869035959244,0.23950659185647977,0.10761397
Soproni,Albariño,14,1.0,1.0,1.0,1.0,0.0
Soproni,Arany sárfehér,14,0.9909091,1.0,1.0,1.0,0.034015052
Soproni,Assyrtiko,14,0.8158551,0.5124596297740937,0.9889331161975861,1.0,0.23321673
Soproni,Bianca,14,1.0,1.0,1.0,1.0,0.0
Soproni,Bronner,14,0.8168162,0.6371942400932312,0.7399380505084991,1.0,0.17007104
Soproni,Budai zöld,14,1.0,1.0,1.0,1.0,0.0
Soproni,Cabernet Cortis,14,1.0,1.0,1.0,1.0,0.0
Soproni,Cabernet franc,14,1.0,1.0,1.0,1.0,0.0
Soproni,Cabernet sauvignon,14,0.88603896,0.75,1.0,1.0,0.13868037
Soproni,Carignan,14,0.06329899,0.0,0.020123900845646858,0.17962994799017915,0.080710486
Soproni,Chardonnay,14,1.0,1.0,1.0,1.0,0.0
Soproni,Cirfandli,14,0.9909091,1.0,1.0,1.0,0.034015052
Soproni,Cserszegi fűszeres,14,1.0,1.0,1.0,1.0,0.0
Soproni,Ezerjó,14,0.9909091,1.0,1.0,1.0,0.034015052
Soproni,Fiano,14,0.8912824,0.75,1.0,1.0,0.13039471
Soproni,Furmint,14,0.9909091,1.0,1.0,1.0,0.034015052
Soproni,Garnacha,14,0.06329899,0.0,0.020123900845646858,0.17962994799017915,0.080710486
Soproni,Generosa,14,1.0,1.0,1.0,1.0,0.0
Soproni,Hárslevelű,14,0.9909091,1.0,1.0,1.0,0.034015052
Soproni,Irsai Olivér,14,0.84776783,0.75,0.75,1.0,0.1409874
Soproni,Johanniter,14,0.84776783,0.75,0.75,1.0,0.1409874
Soproni,Juhfark,14,0.9909091,1.0,1.0,1.0,0.034015052
Soproni,Kabar,14,0.9909091,1.0,1.0,1.0,0.034015052
Soproni,Kadarka,14,0.9909091,1.0,1.0,1.0,0.034015052
Soproni,Királyleányka,14,1.0,1.0,1.0,1.0,0.0
Soproni,Kékfrankos,14,1.0,1.0,1.0,1.0,0.0
Soproni,Kéknyelű,14,0.9909091,1.0,1.0,1.0,0.034015052
Soproni,Kövérszőlő,14,0.9909091,1.0,1.0,1.0,0.034015052
Soproni,Leányka,14,1.0,1.0,1.0,1.0,0.0
Soproni,Merlot,14,0.9909091,1.0,1.0,1.0,0.034015052
Soproni,Mourvèdre,14,0.0,0.0,0.0,0.0,0.0
Soproni,Muscaris,14,0.84776783,0.75,0.75,1.0,0.1409874
Soproni,Muscat ottonel,14,0.84776783,0.75,0.75,1.0,0.1409874
Soproni,Müller-Thurgau,14,0.84776783,0.75,0.75,1.0,0.1409874
Soproni,Nero d'Avola,14,0.0,0.0,0.0,0.0,0.0
Soproni,Olaszrizling,14,1.0,1.0,1.0,1.0,0.0
Soproni,Pinot blanc,14,0.85714287,0.75,0.75,1.0,0.12838815
Soproni,Pinot noir,14,0.84776783,0.75,0.75,1.0,0.1409874
Soproni,Portugieser,14,1.0,1.0,1.0,1.0,0.0
Soproni,Rajnai rizling,14,0.84776783,0.75,0.75,1.0,0.1409874
Soproni,Rizlingszilváni,14,0.84776783,0.75,0.75,1.0,0.1409874
Soproni,Sangiovese,14,0.89285713,0.75,1.0,1.0,0.12838815
Soproni,Sauvignon blanc,14,1.0,1.0,1.0,1.0,0.0
Soproni,Solaris,14,0.8168162,0.6371942400932312,0.7399380505084991,1.0,0.17007104
Soproni,Souvignier Gris,14,1.0,1.0,1.0,1.0,0.0
Soproni,Syrah,14,0.88603896,0.75,1.0,1.0,0.13868037
Soproni,Szürkebarát,14,1.0,1.0,1.0,1.0,0.0
Soproni,Sárgamuskotály,14,0.9909091,1.0,1.0,1.0,0.034015052
Soproni,Tempranillo,14,0.62830204,0.3416397511959076,0.6861205995082855,0.9061732530593873,0.24097769
Soproni,Touriga Nacional,14,0.33400556,0.10055041611194611,0.3527872711420059,0.5728399306535722,0.1984739
Soproni,Tramini,14,0.84776783,0.75,0.75,1.0,0.1409874
Soproni,Verdejo,14,0.89285713,0.75,1.0,1.0,0.12838815
Soproni,Vermentino,14,0.89285713,0.75,1.0,1.0,0.12838815
Soproni,Zweigelt,14,1.0,1.0,1.0,1.0,0.0
Soproni,Zéta,14,0.9909091,1.0,1.0,1.0,0.034015052
Soproni,Zöld veltelíni,14,0.85714287,0.75,0.75,1.0,0.12838815
Szekszárdi,Aglianico,14,0.7612687,0.44808174967765807,0.8219678401947021,0.9988439857959748,0.23365286
Szekszárdi,Albariño,14,0.885034,0.7100000143051147,0.9056547582149506,1.0,0.13588466
Szekszárdi,Arany sárfehér,14,0.87403214,0.6753544569015503,0.9227272868156433,1.0,0.13997628
Szekszárdi,Assyrtiko,14,0.90746754,0.6881818354129792,0.949999988079071,1.0,0.13344912
Szekszárdi,Bianca,14,0.9547631,0.8748206079006196,1.0,1.0,0.07601061
Szekszárdi,Bronner,14,0.22580504,0.02117464039474726,0.21483038365840912,0.44206073880195623,0.16968408
Szekszárdi,Budai zöld,14,0.6882429,0.3805023282766342,0.7418733239173889,0.9699631452560425,0.24741004
Szekszárdi,Cabernet Cortis,14,0.8808208,0.6940193772315979,0.9056547582149506,1.0,0.14032005
Szekszárdi,Cabernet franc,14,0.95994896,0.8771428823471069,1.0,1.0,0.0728994
Szekszárdi,Cabernet sauvignon,14,0.8791895,0.6772581279277802,0.9431818127632141,1.0,0.14140871
Szekszárdi,Carignan,14,0.5709515,0.33606131970882414,0.6164758801460266,0.7491330027580261,0.17523965
Szekszárdi,Chardonnay,14,0.8808208,0.6940193772315979,0.9056547582149506,1.0,0.14032005
Szekszárdi,Cirfandli,14,0.668012,0.4245363920927048,0.6425000429153442,0.9795454561710358,0.22286706
Szekszárdi,Cserszegi fűszeres,14,0.8166836,0.5994660317897796,0.8670004606246948,0.9830617368221283,0.16859876
Szekszárdi,Ezerjó,14,0.7422074,0.5622963964939117,0.7274722158908844,0.9603711605072022,0.16872147
Szekszárdi,Fiano,14,0.95994896,0.8771428823471069,1.0,1.0,0.0728994
Szekszárdi,Furmint,14,0.90137684,0.6881818354129792,0.949999988079071,1.0,0.13375098
Szekszárdi,Garnacha,14,0.5709515,0.33606131970882414,0.6164758801460266,0.7491330027580261,0.17523965
Szekszárdi,Generosa,14,0.8166836,0.5994660317897796,0.8670004606246948,0.9830617368221283,0.16859876
Szekszárdi,Hárslevelű,14,0.8791895,0.6772581279277802,0.9431818127632141,1.0,0.14140871
Szekszárdi,Irsai Olivér,14,0.2860729,0.029299644567072396,0.26990851759910583,0.5534669995307923,0.20882341
Szekszárdi,Johanniter,14,0.2860729,0.029299644567072396,0.26990851759910583,0.5534669995307923,0.20882341
Szekszárdi,Juhfark,14,0.80801004,0.617818146944046,0.8486742675304413,1.0,0.16164108
Szekszárdi,Kabar,14,0.8791895,0.6772581279277802,0.9431818127632141,1.0,0.14140871
Szekszárdi,Kadarka,14,0.8791895,0.6772581279277802,0.9431818127632141,1.0,0.14140871
Szekszárdi,Királyleányka,14,0.6882429,0.3805023282766342,0.7418733239173889,0.9699631452560425,0.24741004
Szekszárdi,Kékfrankos,14,0.8910249,0.6940193772315979,0.9520833492279053,1.0,0.14608674
Szekszárdi,Kéknyelű,14,0.8038174,0.617818146944046,0.8482585251331329,1.0,0.16329448
Szekszárdi,Kövérszőlő,14,0.8791895,0.6772581279277802,0.9431818127632141,1.0,0.14140871
Szekszárdi,Leányka,14,0.6882429,0.3805023282766342,0.7418733239173889,0.9699631452560425,0.24741004
Szekszárdi,Merlot,14,0.8791895,0.6772581279277802,0.9431818127632141,1.0,0.14140871
Szekszárdi,Mourvèdre,14,0.0,0.0,0.0,0.0,0.0
Szekszárdi,Muscaris,14,0.2860729,0.029299644567072396,0.26990851759910583,0.5534669995307923,0.20882341
Szekszárdi,Muscat ottonel,14,0.29686353,0.03207827094011009,0.27855998277664185,0.5698913395404817,0.212738
Szekszárdi,Müller-Thurgau,14,0.2860729,0.029299644567072396,0.26990851759910583,0.5534669995307923,0.20882341
Szekszárdi,Nero d'Avola,14,0.0,0.0,0.0,0.0,0.0
Szekszárdi,Olaszrizling,14,0.8808208,0.6940193772315979,0.9056547582149506,1.0,0.14032005
Szekszárdi,Pinot blanc,14,0.4501907,0.2369481772184372,0.47578001022338867,0.6610558092594148,0.17716286
Szekszárdi,Pinot noir,14,0.29686353,0.03207827094011009,0.27855998277664185,0.5698913395404817,0.212738
Szekszárdi,Portugieser,14,0.8808208,0.6940193772315979,0.9056547582149506,1.0,0.14032005
Szekszárdi,Rajnai rizling,14,0.29686353,0.03207827094011009,0.27855998277664185,0.5698913395404817,0.212738
Szekszárdi,Rizlingszilváni,14,0.2860729,0.029299644567072396,0.26990851759910583,0.5534669995307923,0.20882341
Szekszárdi,Sangiovese,14,0.95994896,0.8771428823471069,1.0,1.0,0.0728994
Szekszárdi,Sauvignon blanc,14,0.6882429,0.3805023282766342,0.7418733239173889,0.9699631452560425,0.24741004
Szekszárdi,Solaris,14,0.22580504,0.02117464039474726,0.21483038365840912,0.44206073880195623,0.16968408
Szekszárdi,Souvignier Gris,14,0.6882429,0.3805023282766342,0.7418733239173889,0.9699631452560425,0.24741004
Szekszárdi,Syrah,14,0.90137684,0.6881818354129792,0.949999988079071,1.0,0.13375098
Szekszárdi,Szürkebarát,14,0.6882429,0.3805023282766342,0.7418733239173889,0.9699631452560425,0.24741004
Szekszárdi,Sárgamuskotály,14,0.80801004,0.617818146944046,0.8486742675304413,1.0,0.16164108
Szekszárdi,Tempranillo,14,0.90746754,0.6881818354129792,0.949999988079071,1.0,0.13344912
Szekszárdi,Touriga Nacional,14,0.8891922,0.6495324611663819,0.949999988079071,1.0,0.14954868
Szekszárdi,Tramini,14,0.29686353,0.03207827094011009,0.27855998277664185,0.5698913395404817,0.212738
Szekszárdi,Verdejo,14,0.95994896,0.8771428823471069,1.0,1.0,0.0728994
Szekszárdi,Vermentino,14,0.95994896,0.8771428823471069,1.0,1.0,0.0728994
Szekszárdi,Zweigelt,14,0.8910249,0.6940193772315979,0.9520833492279053,1.0,0.14608674
Szekszárdi,Zéta,14,0.8791895,0.6772581279277802,0.9431818127632141,1.0,0.14140871
Szekszárdi,Zöld veltelíni,14,0.4501907,0.2369481772184372,0.47578001022338867,0.6610558092594148,0.17716286
Tokaji,Aglianico,14,0.17647466,0.00447111614048481,0.1310516782104969,0.3675502866506577,0.1536017
Tokaji,Albariño,14,0.99897957,1.0,1.0,1.0,0.0038180095
Tokaji,Arany sárfehér,14,0.95941556,0.9036363542079926,1.0,1.0,0.079382226
Tokaji,Assyrtiko,14,0.92375803,0.7451322913169861,1.0,1.0,0.14646159
Tokaji,Bianca,14,0.99897957,1.0,1.0,1.0,0.0038180095
Tokaji,Bronner,14,0.7009689,0.6121686160564422,0.6998962461948395,0.7476354718208313,0.10175375
Tokaji,Budai zöld,14,0.99897957,1.0,1.0,1.0,0.0038180095
Tokaji,Cabernet Cortis,14,0.99897957,1.0,1.0,1.0,0.0038180095
Tokaji,Cabernet franc,14,0.99897957,1.0,1.0,1.0,0.0038180095
Tokaji,Cabernet sauvignon,14,0.9423701,0.7656817972660065,1.0,1.0,0.102703474
Tokaji,Carignan,14,0.132356,0.003353337105363608,0.09828875958919525,0.2756627127528191,0.11520127
Tokaji,Chardonnay,14,0.99897957,1.0,1.0,1.0,0.0038180095
Tokaji,Cirfandli,14,0.95941556,0.9036363542079926,1.0,1.0,0.079382226
Tokaji,Cserszegi fűszeres,14,0.99897957,1.0,1.0,1.0,0.0038180095
Tokaji,Ezerjó,14,0.95941556,0.9036363542079926,1.0,1.0,0.079382226
Tokaji,Fiano,14,0.98112243,0.9900000214576721,1.0,1.0,0.066630445
Tokaji,Furmint,14,0.95941556,0.9036363542079926,1.0,1.0,0.079382226
Tokaji,Garnacha,14,0.132356,0.003353337105363608,0.09828875958919525,0.2756627127528191,0.11520127
Tokaji,Generosa,14,0.99897957,1.0,1.0,1.0,0.0038180095
Tokaji,Hárslevelű,14,0.95941556,0.9036363542079926,1.0,1.0,0.079382226
Tokaji,Irsai Olivér,14,0.7627408,0.73709437251091,0.75,0.75,0.06983312
Tokaji,Johanniter,14,0.7627408,0.73709437251091,0.75,0.75,0.06983312
Tokaji,Juhfark,14,0.95941556,0.9036363542079926,1.0,1.0,0.079382226
Tokaji,Kabar,14,0.95941556,0.9036363542079926,1.0,1.0,0.079382226
Tokaji,Kadarka,14,0.95941556,0.9036363542079926,1.0,1.0,0.079382226
Tokaji,Királyleányka,14,0.99897957,1.0,1.0,1.0,0.0038180095
Tokaji,Kékfrankos,14,1.0,1.0,1.0,1.0,0.0
Tokaji,Kéknyelű,14,0.95941556,0.9036363542079926,1.0,1.0,0.079382226
Tokaji,Kövérszőlő,14,0.95941556,0.9036363542079926,1.0,1.0,0.079382226
Tokaji,Leányka,14,0.99897957,1.0,1.0,1.0,0.0038180095
Tokaji,Merlot,14,0.95941556,0.9036363542079926,1.0,1.0,0.079382226
Tokaji,Mourvèdre,14,0.0,0.0,0.0,0.0,0.0
Tokaji,Muscaris,14,0.7627408,0.73709437251091,0.75,0.75,0.06983312
Tokaji,Muscat ottonel,14,0.7634717,0.7389380395412445,0.75,0.75,0.069219604
Tokaji,Müller-Thurgau,14,0.7627408,0.73709437251091,0.75,0.75,0.06983312
Tokaji,Nero d'Avola,14,0.0,0.0,0.0,0.0,0.0
Tokaji,Olaszrizling,14,0.99897957,1.0,1.0,1.0,0.0038180095
Tokaji,Pinot blanc,14,0.7634717,0.7389380395412445,0.75,0.75,0.069219604
Tokaji,Pinot noir,14,0.7634717,0.7389380395412445,0.75,0.75,0.069219604
Tokaji,Portugieser,14,0.99897957,1.0,1.0,1.0,0.0038180095
Tokaji,Rajnai rizling,14,0.7634717,0.7389380395412445,0.75,0.75,0.069219604
Tokaji,Rizlingszilváni,14,0.7627408,0.73709437251091,0.75,0.75,0.06983312
Tokaji,Sangiovese,14,0.98112243,0.9900000214576721,1.0,1.0,0.066630445
Tokaji,Sauvignon blanc,14,0.99897957,1.0,1.0,1.0,0.0038180095
Tokaji,Solaris,14,0.7009689,0.6121686160564422,0.6998962461948395,0.7476354718208313,0.10175375
Tokaji,Souvignier Gris,14,0.99897957,1.0,1.0,1.0,0.0038180095
Tokaji,Syrah,14,0.9423701,0.7656817972660065,1.0,1.0,0.102703474
Tokaji,Szürkebarát,14,0.99897957,1.0,1.0,1.0,0.0038180095
Tokaji,Sárgamuskotály,14,0.95941556,0.9036363542079926,1.0,1.0,0.079382226
Tokaji,Tempranillo,14,0.7786699,0.5071874529123306,0.7840819954872131,0.9998019993305206,0.20482008
Tokaji,Touriga Nacional,14,0.47818998,0.2535511046648026,0.45756684243679047,0.7008836090564728,0.19667451
Tokaji,Tramini,14,0.7634717,0.7389380395412445,0.75,0.75,0.069219604
Tokaji,Verdejo,14,0.98112243,0.9900000214576721,1.0,1.0,0.066630445
Tokaji,Vermentino,14,0.98112243,0.9900000214576721,1.0,1.0,0.066630445
Tokaji,Zweigelt,14,1.0,1.0,1.0,1.0,0.0
Tokaji,Zéta,14,0.95941556,0.9036363542079926,1.0,1.0,0.079382226
Tokaji,Zöld veltelíni,14,0.7634717,0.7389380395412445,0.75,0.75,0.069219604
Tolnai,Aglianico,14,0.56024647,0.2870307356119156,0.5666279941797256,0.7604341804981232,0.21153082
Tolnai,Albariño,14,0.98720235,0.9766666889190674,1.0,1.0,0.039307036
Tolnai,Arany sárfehér,14,0.9564935,0.8150000154972077,1.0,1.0,0.089067265
Tolnai,Assyrtiko,14,0.9564935,0.8150000154972077,1.0,1.0,0.089067265
Tolnai,Bianca,14,1.0,1.0,1.0,1.0,0.0
Tolnai,Bronner,14,0.43517452,0.23657613694667817,0.4664160758256912,0.6163294970989228,0.16662645
Tolnai,Budai zöld,14,0.92531735,0.7767920374870301,0.9900000095367432,1.0,0.12120894
Tolnai,Cabernet Cortis,14,0.98720235,0.9766666889190674,1.0,1.0,0.039307036
Tolnai,Cabernet franc,14,1.0,1.0,1.0,1.0,0.0
Tolnai,Cabernet sauvignon,14,0.9564935,0.8150000154972077,1.0,1.0,0.089067265
Tolnai,Carignan,14,0.42018485,0.21527304202318193,0.4249710142612457,0.5703256249427796,0.15864812
Tolnai,Chardonnay,14,0.98720235,0.9766666889190674,1.0,1.0,0.039307036
Tolnai,Cirfandli,14,0.8974935,0.7466363430023193,0.949999988079071,1.0,0.12453852
Tolnai,Cserszegi fűszeres,14,0.97012895,0.9188125133514404,1.0,1.0,0.051846903
Tolnai,Ezerjó,14,0.92662245,0.8053416848182678,0.9674286842346191,1.0,0.08844191
Tolnai,Fiano,14,1.0,1.0,1.0,1.0,0.0
Tolnai,Furmint,14,0.9564935,0.8150000154972077,1.0,1.0,0.089067265
Tolnai,Garnacha,14,0.42018485,0.21527304202318193,0.4249710142612457,0.5703256249427796,0.15864812
Tolnai,Generosa,14,0.97012895,0.9188125133514404,1.0,1.0,0.051846903
Tolnai,Hárslevelű,14,0.9564935,0.8150000154972077,1.0,1.0,0.089067265
Tolnai,Irsai Olivér,14,0.53065515,0.301263639330864,0.5742285847663879,0.7337864756584168,0.18920651
Tolnai,Johanniter,14,0.53065515,0.301263639330864,0.5742285847663879,0.7337864756584168,0.18920651
Tolnai,Juhfark,14,0.9436959,0.8150000154972077,1.0,1.0,0.09098793
Tolnai,Kabar,14,0.9564935,0.8150000154972077,1.0,1.0,0.089067265
Tolnai,Kadarka,14,0.9564935,0.8150000154972077,1.0,1.0,0.089067265
Tolnai,Királyleányka,14,0.92531735,0.7767920374870301,0.9900000095367432,1.0,0.12120894
Tolnai,Kékfrankos,14,0.98720235,0.9766666889190674,1.0,1.0,0.039307036
Tolnai,Kéknyelű,14,0.9436959,0.8150000154972077,1.0,1.0,0.09098793
Tolnai,Kövérszőlő,14,0.9564935,0.8150000154972077,1.0,1.0,0.089067265
Tolnai,Leányka,14,0.92531735,0.7767920374870301,0.9900000095367432,1.0,0.12120894
Tolnai,Merlot,14,0.9564935,0.8150000154972077,1.0,1.0,0.089067265
Tolnai,Mourvèdre,14,0.0,0.0,0.0,0.0,0.0
Tolnai,Muscaris,14,0.53065515,0.301263639330864,0.5742285847663879,0.7337864756584168,0.18920651
Tolnai,Muscat ottonel,14,0.54022676,0.31367241144180297,0.5846066176891327,0.7361026883125306,0.18666363
Tolnai,Müller-Thurgau,14,0.53065515,0.301263639330864,0.5742285847663879,0.7337864756584168,0.18920651
Tolnai,Nero d'Avola,14,0.0,0.0,0.0,0.0,0.0
Tolnai,Olaszrizling,14,0.98720235,0.9766666889190674,1.0,1.0,0.039307036
Tolnai,Pinot blanc,14,0.6306909,0.49537973403930663,0.6681434810161591,0.7392868459224702,0.108839616
Tolnai,Pinot noir,14,0.54022676,0.31367241144180297,0.5846066176891327,0.7361026883125306,0.18666363
Tolnai,Portugieser,14,0.98720235,0.9766666889190674,1.0,1.0,0.039307036
Tolnai,Rajnai rizling,14,0.54022676,0.31367241144180297,0.5846066176891327,0.7361026883125306,0.18666363
Tolnai,Rizlingszilváni,14,0.53065515,0.301263639330864,0.5742285847663879,0.7337864756584168,0.18920651
Tolnai,Sangiovese,14,1.0,1.0,1.0,1.0,0.0
Tolnai,Sauvignon blanc,14,0.92531735,0.7767920374870301,0.9900000095367432,1.0,0.12120894
Tolnai,Solaris,14,0.43517452,0.23657613694667817,0.4664160758256912,0.6163294970989228,0.16662645
Tolnai,Souvignier Gris,14,0.92531735,0.7767920374870301,0.9900000095367432,1.0,0.12120894
Tolnai,Syrah,14,0.9564935,0.8150000154972077,1.0,1.0,0.089067265
Tolnai,Szürkebarát,14,0.92531735,0.7767920374870301,0.9900000095367432,1.0,0.12120894
Tolnai,Sárgamuskotály,14,0.9436959,0.8150000154972077,1.0,1.0,0.09098793
Tolnai,Tempranillo,14,0.9457913,0.807672506570816,1.0,1.0,0.0928765
Tolnai,Touriga Nacional,14,0.8380908,0.5653640627861023,0.8999613523483276,1.0,0.1845802
Tolnai,Tramini,14,0.54022676,0.31367241144180297,0.5846066176891327,0.7361026883125306,0.18666363
Tolnai,Verdejo,14,1.0,1.0,1.0,1.0,0.0
Tolnai,Vermentino,14,1.0,1.0,1.0,1.0,0.0
Tolnai,Zweigelt,14,0.98720235,0.9766666889190674,1.0,1.0,0.039307036
Tolnai,Zéta,14,0.9564935,0.8150000154972077,1.0,1.0,0.089067265
Tolnai,Zöld veltelíni,14,0.6306909,0.49537973403930663,0.6681434810161591,0.7392868459224702,0.108839616
Villányi,Aglianico,14,0.55373883,0.2639568567276001,0.5824487209320068,0.7558539271354676,0.20846541
Villányi,Albariño,14,0.98711735,0.9875000059604645,1.0,1.0,0.043324925
Villányi,Arany sárfehér,14,0.96168834,0.8786363184452057,1.0,1.0,0.085832275
Villányi,Assyrtiko,14,0.96168834,0.8786363184452057,1.0,1.0,0.085832275
Villányi,Bianca,14,0.9987245,1.0,1.0,1.0,0.0047725197
Villányi,Bronner,14,0.43290022,0.27197660505771637,0.4496677368879318,0.623385912179947,0.15715109
Villányi,Budai zöld,14,0.93428457,0.8349179267883301,0.990207701921463,1.0,0.11402709
Villányi,Cabernet Cortis,14,0.98711735,0.9875000059604645,1.0,1.0,0.043324925
Villányi,Cabernet franc,14,0.9987245,1.0,1.0,1.0,0.0047725197
Villányi,Cabernet sauvignon,14,0.96168834,0.8786363184452057,1.0,1.0,0.085832275
Villányi,Carignan,14,0.41530412,0.19796764552593232,0.4368365406990051,0.5668904602527619,0.15634906
Villányi,Chardonnay,14,0.98711735,0.9875000059604645,1.0,1.0,0.043324925
Villányi,Cirfandli,14,0.9106169,0.7391818046569825,0.9824999868869781,1.0,0.12562047
Villányi,Cserszegi fűszeres,14,0.97305727,0.9312146961688995,0.9991230070590973,1.0,0.050155375
Villányi,Ezerjó,14,0.93602103,0.83624427318573,0.9731588363647461,1.0,0.08838826
Villányi,Fiano,14,0.9987245,1.0,1.0,1.0,0.0047725197
Villányi,Furmint,14,0.96168834,0.8786363184452057,1.0,1.0,0.085832275
Villányi,Garnacha,14,0.41530412,0.19796764552593232,0.4368365406990051,0.5668904602527619,0.15634906
Villányi,Generosa,14,0.97305727,0.9312146961688995,0.9991230070590973,1.0,0.050155375
Villányi,Hárslevelű,14,0.96168834,0.8786363184452057,1.0,1.0,0.085832275
Villányi,Irsai Olivér,14,0.5272155,0.34111724197864535,0.5473239719867706,0.7407768845558167,0.17647973
Villányi,Johanniter,14,0.5272155,0.34111724197864535,0.5473239719867706,0.7407768845558167,0.17647973
Villányi,Juhfark,14,0.95008117,0.849431824684143,1.0,1.0,0.0910799
Villányi,Kabar,14,0.96168834,0.8786363184452057,1.0,1.0,0.085832275
Villányi,Kadarka,14,0.96168834,0.8786363184452057,1.0,1.0,0.085832275
Villányi,Királyleányka,14,0.93428457,0.8349179267883301,0.990207701921463,1.0,0.11402709
Villányi,Kékfrankos,14,0.98839283,1.0,1.0,1.0,0.04342994
Villányi,Kéknyelű,14,0.95008117,0.849431824684143,1.0,1.0,0.0910799
Villányi,Kövérszőlő,14,0.96168834,0.8786363184452057,1.0,1.0,0.085832275
Villányi,Leányka,14,0.93428457,0.8349179267883301,0.990207701921463,1.0,0.11402709
Villányi,Merlot,14,0.96168834,0.8786363184452057,1.0,1.0,0.085832275
Villányi,Mourvèdre,14,0.0,0.0,0.0,0.0,0.0
Villányi,Muscaris,14,0.5272155,0.34111724197864535,0.5473239719867706,0.7407768845558167,0.17647973
Villányi,Muscat ottonel,14,0.53656095,0.3516495883464813,0.5528402030467987,0.7420944750308991,0.17388643
Villányi,Müller-Thurgau,14,0.5272155,0.34111724197864535,0.5473239719867706,0.7407768845558167,0.17647973
Villányi,Nero d'Avola,14,0.0,0.0,0.0,0.0,0.0
Villányi,Olaszrizling,14,0.98711735,0.9875000059604645,1.0,1.0,0.043324925
Villányi,Pinot blanc,14,0.6385636,0.5359206020832061,0.6681573688983917,0.7420944750308991,0.10450992
Villányi,Pinot noir,14,0.53656095,0.3516495883464813,0.5528402030467987,0.7420944750308991,0.17388643
Villányi,Portugieser,14,0.98711735,0.9875000059604645,1.0,1.0,0.043324925
Villányi,Rajnai rizling,14,0.53656095,0.3516495883464813,0.5528402030467987,0.7420944750308991,0.17388643
Villányi,Rizlingszilváni,14,0.5272155,0.34111724197864535,0.5473239719867706,0.7407768845558167,0.17647973
Villányi,Sangiovese,14,0.9987245,1.0,1.0,1.0,0.0047725197
Villányi,Sauvignon blanc,14,0.93428457,0.8349179267883301,0.990207701921463,1.0,0.11402709
Villányi,Solaris,14,0.43290022,0.27197660505771637,0.4496677368879318,0.623385912179947,0.15715109
Villányi,Souvignier Gris,14,0.93428457,0.8349179267883301,0.990207701921463,1.0,0.11402709
Villányi,Syrah,14,0.96168834,0.8786363184452057,1.0,1.0,0.085832275
Villányi,Szürkebarát,14,0.93428457,0.8349179267883301,0.990207701921463,1.0,0.11402709
Villányi,Sárgamuskotály,14,0.95008117,0.849431824684143,1.0,1.0,0.0910799
Villányi,Tempranillo,14,0.95041454,0.8669944763183594,1.0,1.0,0.09334256
Villányi,Touriga Nacional,14,0.8408855,0.5720652759075164,0.9157511293888092,1.0,0.19147311
Villányi,Tramini,14,0.53656095,0.3516495883464813,0.5528402030467987,0.7420944750308991,0.17388643
Villányi,Verdejo,14,0.9987245,1.0,1.0,1.0,0.0047725197
Villányi,Vermentino,14,0.9987245,1.0,1.0,1.0,0.0047725197
Villányi,Zweigelt,14,0.98839283,1.0,1.0,1.0,0.04342994
Villányi,Zéta,14,0.96168834,0.8786363184452057,1.0,1.0,0.085832275
Villányi,Zöld veltelíni,14,0.6385636,0.5359206020832061,0.6681573688983917,0.7420944750308991,0.10450992
Zalai,Aglianico,14,0.12490207,0.0,0.09374809265136719,0.29285579174757015,0.1283463
Zalai,Albariño,14,1.0,1.0,1.0,1.0,0.0
Zalai,Arany sárfehér,14,0.986039,0.9545454978942871,1.0,1.0,0.035094302
Zalai,Assyrtiko,14,0.9384698,0.8386565029621125,1.0,1.0,0.14631435
Zalai,Bianca,14,1.0,1.0,1.0,1.0,0.0
Zalai,Bronner,14,0.7209293,0.6401791036128998,0.7142176926136017,0.75,0.09262015
Zalai,Budai zöld,14,1.0,1.0,1.0,1.0,0.0
Zalai,Cabernet Cortis,14,1.0,1.0,1.0,1.0,0.0
Zalai,Cabernet franc,14,1.0,1.0,1.0,1.0,0.0
Zalai,Cabernet sauvignon,14,0.9681818,0.8963636100292206,1.0,1.0,0.07182571
Zalai,Carignan,14,0.09367655,0.0,0.07031106948852539,0.21964184790849692,0.09625971
Zalai,Chardonnay,14,1.0,1.0,1.0,1.0,0.0
Zalai,Cirfandli,14,0.986039,0.9545454978942871,1.0,1.0,0.035094302
Zalai,Cserszegi fűszeres,14,1.0,1.0,1.0,1.0,0.0
Zalai,Ezerjó,14,0.986039,0.9545454978942871,1.0,1.0,0.035094302
Zalai,Fiano,14,0.98214287,1.0,1.0,1.0,0.06681531
Zalai,Furmint,14,0.986039,0.9545454978942871,1.0,1.0,0.035094302
Zalai,Garnacha,14,0.09367655,0.0,0.07031106948852539,0.21964184790849692,0.09625971
Zalai,Generosa,14,1.0,1.0,1.0,1.0,0.0
Zalai,Hárslevelű,14,0.986039,0.9545454978942871,1.0,1.0,0.035094302
Zalai,Irsai Olivér,14,0.76734626,0.75,0.75,0.75,0.06698946
Zalai,Johanniter,14,0.76734626,0.75,0.75,0.75,0.06698946
Zalai,Juhfark,14,0.986039,0.9545454978942871,1.0,1.0,0.035094302
Zalai,Kabar,14,0.986039,0.9545454978942871,1.0,1.0,0.035094302
Zalai,Kadarka,14,0.986039,0.9545454978942871,1.0,1.0,0.035094302
Zalai,Királyleányka,14,1.0,1.0,1.0,1.0,0.0
Zalai,Kékfrankos,14,1.0,1.0,1.0,1.0,0.0
Zalai,Kéknyelű,14,0.986039,0.9545454978942871,1.0,1.0,0.035094302
Zalai,Kövérszőlő,14,0.986039,0.9545454978942871,1.0,1.0,0.035094302
Zalai,Leányka,14,1.0,1.0,1.0,1.0,0.0
Zalai,Merlot,14,0.986039,0.9545454978942871,1.0,1.0,0.035094302
Zalai,Mourvèdre,14,0.0,0.0,0.0,0.0,0.0
Zalai,Muscaris,14,0.76734626,0.75,0.75,0.75,0.06698946
Zalai,Muscat ottonel,14,0.7674193,0.75,0.75,0.75,0.06696127
Zalai,Müller-Thurgau,14,0.76734626,0.75,0.75,0.75,0.06698946
Zalai,Nero d'Avola,14,0.0,0.0,0.0,0.0,0.0
Zalai,Olaszrizling,14,1.0,1.0,1.0,1.0,0.0
Zalai,Pinot blanc,14,0.7674193,0.75,0.75,0.75,0.06696127
Zalai,Pinot noir,14,0.7674193,0.75,0.75,0.75,0.06696127
Zalai,Portugieser,14,1.0,1.0,1.0,1.0,0.0
Zalai,Rajnai rizling,14,0.7674193,0.75,0.75,0.75,0.06696127
Zalai,Rizlingszilváni,14,0.76734626,0.75,0.75,0.75,0.06698946
Zalai,Sangiovese,14,0.98214287,1.0,1.0,1.0,0.06681531
Zalai,Sauvignon blanc,14,1.0,1.0,1.0,1.0,0.0
Zalai,Solaris,14,0.7209293,0.6401791036128998,0.7142176926136017,0.75,0.09262015
Zalai,Souvignier Gris,14,1.0,1.0,1.0,1.0,0.0
Zalai,Syrah,14,0.9681818,0.8963636100292206,1.0,1.0,0.07182571
Zalai,Szürkebarát,14,1.0,1.0,1.0,1.0,0.0
Zalai,Sárgamuskotály,14,0.986039,0.9545454978942871,1.0,1.0,0.035094302
Zalai,Tempranillo,14,0.74918634,0.5662728667259216,0.7586100101470947,0.9595224440097809,0.189631
Zalai,Touriga Nacional,14,0.42782134,0.2590001419186592,0.4252766966819763,0.6261891305446625,0.17346045
Zalai,Tramini,14,0.7674193,0.75,0.75,0.75,0.06696127
Zalai,Verdejo,14,0.98214287,1.0,1.0,1.0,0.06681531
Zalai,Vermentino,14,0.98214287,1.0,1.0,1.0,0.06681531
Zalai,Zweigelt,14,1.0,1.0,1.0,1.0,0.0
Zalai,Zéta,14,0.986039,0.9545454978942871,1.0,1.0,0.035094302
Zalai,Zöld veltelíni,14,0.7674193,0.75,0.75,0.75,0.06696127
