period,scenario,variety,mean,p10,p50,p90,std
1971-2000,observed,Solaris,0.9691504,0.915947675704956,0.987216055393219,0.9997953772544861,0.033821933
1971-2000,observed,Bronner,0.9691504,0.915947675704956,0.987216055393219,0.9997953772544861,0.033821933
1971-2000,observed,Johanniter,0.9527678,0.8797586560249329,0.9681540131568909,0.99696946144104,0.04630799
1971-2000,observed,Muscaris,0.9527678,0.8797586560249329,0.9681540131568909,0.99696946144104,0.04630799
1971-2000,observed,Zöld veltelíni,0.9257195,0.8500336408615112,0.9243620932102203,0.9957822561264038,0.06054027
1971-2000,observed,Rajnai rizling,0.9257195,0.8500336408615112,0.9243620932102203,0.9957822561264038,0.06054027
1971-2000,observed,Tramini,0.9257195,0.8500336408615112,0.9243620932102203,0.9957822561264038,0.06054027
1971-2000,observed,Muscat ottonel,0.9257195,0.8500336408615112,0.9243620932102203,0.9957822561264038,0.06054027
1971-2000,observed,Müller-Thurgau,0.9257195,0.8500336408615112,0.9243620932102203,0.9957822561264038,0.06054027
1971-2000,observed,Pinot noir,0.9257195,0.8500336408615112,0.9243620932102203,0.9957822561264038,0.06054027
1971-2000,observed,Pinot blanc,0.9257195,0.8500336408615112,0.9243620932102203,0.9957822561264038,0.06054027
1971-2000,observed,Rizlingszilváni,0.9257195,0.8500336408615112,0.9243620932102203,0.9957822561264038,0.06054027
1971-2000,observed,Irsai Olivér,0.9257195,0.8500336408615112,0.9243620932102203,0.9957822561264038,0.06054027
1971-2000,observed,Generosa,0.8453614,0.6706416606903076,0.8779403269290924,0.956675112247467,0.13106747
1971-2000,observed,Sauvignon blanc,0.8453614,0.6706416606903076,0.8779403269290924,0.956675112247467,0.13106747
1971-2000,observed,Cserszegi fűszeres,0.8453614,0.6706416606903076,0.8779403269290924,0.956675112247467,0.13106747
1971-2000,observed,Souvignier Gris,0.8453614,0.6706416606903076,0.8779403269290924,0.956675112247467,0.13106747
1971-2000,observed,Szürkebarát,0.8453614,0.6706416606903076,0.8779403269290924,0.956675112247467,0.13106747
1971-2000,observed,Bianca,0.8366943,0.6631695628166199,0.871877908706665,0.9617855548858643,0.12766668
1971-2000,observed,Chardonnay,0.8366943,0.6631695628166199,0.871877908706665,0.9617855548858643,0.12766668
1971-2000,observed,Zalagyöngye,0.7588453,0.47974443435668945,0.8433493375778198,0.9039479494094849,0.16448899
1971-2000,observed,Chasselas,0.72343284,0.49107933044433594,0.7783305943012238,0.8839303851127625,0.17767617
1971-2000,observed,Zweigelt,0.7123961,0.40626296401023865,0.642932265996933,0.9654592275619507,0.20472026
1971-2000,observed,Kékfrankos,0.7123961,0.40626296401023865,0.642932265996933,0.9654592275619507,0.20472026
1971-2000,observed,Leányka,0.66892636,0.3277451992034912,0.6412269175052643,0.9389165639877319,0.22855821
1971-2000,observed,Királyleányka,0.66892636,0.3277451992034912,0.6412269175052643,0.9389165639877319,0.22855821
1971-2000,observed,Budai zöld,0.66892636,0.3277451992034912,0.6412269175052643,0.9389165639877319,0.22855821
1971-2000,observed,Portugieser,0.66222847,0.3277451992034912,0.6402477920055389,0.9201713800430298,0.22228527
1971-2000,observed,Cabernet Cortis,0.66222847,0.3277451992034912,0.6402477920055389,0.9201713800430298,0.22228527
1971-2000,observed,Olaszrizling,0.66222847,0.3277451992034912,0.6402477920055389,0.9201713800430298,0.22228527
1971-2000,observed,Rózsakő,0.6529108,0.2768641412258148,0.7376278638839722,0.8407042026519775,0.2022582
1971-2000,observed,Zeus,0.5839811,0.19096805155277252,0.6521979868412018,0.7711246609687805,0.22551546
1971-2000,observed,Nektár,0.5839811,0.19096805155277252,0.6521979868412018,0.7711246609687805,0.22551546
1971-2000,observed,Zefír,0.5839811,0.19096805155277252,0.6521979868412018,0.7711246609687805,0.22551546
1971-2000,observed,Vulcanus,0.5839811,0.19096805155277252,0.6521979868412018,0.7711246609687805,0.22551546
1971-2000,observed,Auxerrois,0.5839811,0.19096805155277252,0.6521979868412018,0.7711246609687805,0.22551546
1971-2000,observed,Cabernet franc,0.5167399,0.06603016704320908,0.4469050467014313,0.8634737133979797,0.30715674
1971-2000,observed,Albariño,0.514447,0.06603016704320908,0.4469050467014313,0.8603911399841309,0.30471414
1971-2000,observed,Ezerjó,0.4961697,0.16691331565380096,0.5338200628757477,0.7040266394615173,0.21892442
1971-2000,observed,Cirfandli,0.49116725,0.16691331565380096,0.5284407138824463,0.6945750713348389,0.21485296
1971-2000,observed,Arany sárfehér,0.49116725,0.16691331565380096,0.5284407138824463,0.6945750713348389,0.21485296
1971-2000,observed,Aletta,0.4809103,0.05634620785713196,0.41737836599349976,0.8244335055351257,0.28848106
1971-2000,observed,Zengő,0.44073963,0.04504825919866562,0.3906991183757782,0.7515106201171875,0.27229038
1971-2000,observed,Kéknyelű,0.42982945,0.0422615185379982,0.46462544798851013,0.6768400073051453,0.2490687
1971-2000,observed,Kövérszőlő,0.38786483,0.0316961407661438,0.3484690934419632,0.6653279662132263,0.2534973
1971-2000,observed,Merlot,0.38786483,0.0316961407661438,0.3484690934419632,0.6653279662132263,0.2534973
1971-2000,observed,Zenit,0.38786483,0.0316961407661438,0.3484690934419632,0.6653279662132263,0.2534973
1971-2000,observed,Zéta,0.38786483,0.0316961407661438,0.3484690934419632,0.6653279662132263,0.2534973
1971-2000,observed,Kadarka,0.38786483,0.0316961407661438,0.3484690934419632,0.6653279662132263,0.2534973
1971-2000,observed,Kabar,0.38786483,0.0316961407661438,0.3484690934419632,0.6653279662132263,0.2534973
1971-2000,observed,Juhfark,0.38786483,0.0316961407661438,0.3484690934419632,0.6653279662132263,0.2534973
1971-2000,observed,Hárslevelű,0.38786483,0.0316961407661438,0.3484690934419632,0.6653279662132263,0.2534973
1971-2000,observed,Sémillon,0.38628548,0.0316961407661438,0.3484690934419632,0.6651449203491211,0.25226527
1971-2000,observed,Kövidinka,0.38628548,0.0316961407661438,0.3484690934419632,0.6651449203491211,0.25226527
1971-2000,observed,Furmint,0.38628548,0.0316961407661438,0.3484690934419632,0.6651449203491211,0.25226527
1971-2000,observed,Gamay,0.38628548,0.0316961407661438,0.3484690934419632,0.6651449203491211,0.25226527
1971-2000,observed,Blauburger,0.35811284,0.0,0.24476373940706253,0.696379542350769,0.2739073
1971-2000,observed,Sárgamuskotály,0.3155001,0.0,0.2180713638663292,0.6344639658927917,0.24803199
1971-2000,observed,Kunleány,0.3139562,0.0,0.2180713638663292,0.6341208219528198,0.2464567
1971-2000,observed,Turán,0.26771364,0.0,0.11864123120903969,0.6062583923339844,0.26268834
1971-2000,observed,Verdejo,0.23366235,0.0,0.09679311141371727,0.5631112456321716,0.23774993
1971-2000,observed,Sangiovese,0.23366235,0.0,0.09679311141371727,0.5631112456321716,0.23774993
1971-2000,observed,Vermentino,0.23366235,0.0,0.09679311141371727,0.5631112456321716,0.23774993
1971-2000,observed,Cabernet sauvignon,0.17342857,0.0,0.0678759217262268,0.3987688720226288,0.17387357
1971-2000,observed,Syrah,0.17342857,0.0,0.0678759217262268,0.3987688720226288,0.17387357
1971-2000,observed,Menoire,0.17324406,0.0,0.0678759217262268,0.3987688720226288,0.17360723
1971-2000,observed,Mészikadar,0.17324406,0.0,0.0678759217262268,0.3987688720226288,0.17360723
1971-2000,observed,Fiano,0.10630682,0.0,0.0,0.39273545145988464,0.17377271
1971-2000,observed,Bíborkadarka,0.07462652,0.0,0.0,0.26426348090171814,0.1194779
1971-2000,observed,Alibernet,0.07462652,0.0,0.0,0.26426348090171814,0.1194779
1971-2000,observed,Tannat,0.059610486,0.0,0.0,0.1984073519706726,0.09442316
1971-2000,observed,Malbec,0.059610486,0.0,0.0,0.1984073519706726,0.09442316
1971-2000,observed,Assyrtiko,0.018531326,0.0,0.0,0.06764541566371918,0.046419002
1971-2000,observed,Sagrantino,0.014536084,0.0,0.0,0.049879200756549835,0.036925524
1971-2000,observed,Tempranillo,0.0123542175,0.0,0.0,0.04509694129228592,0.030946001
1971-2000,observed,Touriga Nacional,0.0,0.0,0.0,0.0,0.0
1971-2000,observed,Nero d'Avola,0.0,0.0,0.0,0.0,0.0
1971-2000,observed,Mourvèdre,0.0,0.0,0.0,0.0,0.0
1971-2000,observed,Garnacha,0.0,0.0,0.0,0.0,0.0
1971-2000,observed,Carignan,0.0,0.0,0.0,0.0,0.0
1971-2000,observed,Aglianico,0.0,0.0,0.0,0.0,0.0
1991-2020,observed,Kékfrankos,0.9587345,0.892189621925354,0.9690572321414948,0.9973452091217041,0.037002526
1991-2020,observed,Zweigelt,0.9587345,0.892189621925354,0.9690572321414948,0.9973452091217041,0.037002526
1991-2020,observed,Zöld veltelíni,0.9419541,0.8671644926071167,0.9660921096801758,0.9975724816322327,0.07906968
1991-2020,observed,Rajnai rizling,0.9419541,0.8671644926071167,0.9660921096801758,0.9975724816322327,0.07906968
1991-2020,observed,Tramini,0.9419541,0.8671644926071167,0.9660921096801758,0.9975724816322327,0.07906968
1991-2020,observed,Muscat ottonel,0.9419541,0.8671644926071167,0.9660921096801758,0.9975724816322327,0.07906968
1991-2020,observed,Müller-Thurgau,0.9419541,0.8671644926071167,0.9660921096801758,0.9975724816322327,0.07906968
1991-2020,observed,Pinot noir,0.9419541,0.8671644926071167,0.9660921096801758,0.9975724816322327,0.07906968
1991-2020,observed,Pinot blanc,0.9419541,0.8671644926071167,0.9660921096801758,0.9975724816322327,0.07906968
1991-2020,observed,Rizlingszilváni,0.9419541,0.8671644926071167,0.9660921096801758,0.9975724816322327,0.07906968
1991-2020,observed,Irsai Olivér,0.9419541,0.8671644926071167,0.9660921096801758,0.9975724816322327,0.07906968
1991-2020,observed,Muscaris,0.93469197,0.8627450466156006,0.9627614617347717,0.9948564767837524,0.07902129
1991-2020,observed,Johanniter,0.93469197,0.8627450466156006,0.9627614617347717,0.9948564767837524,0.07902129
1991-2020,observed,Bianca,0.92977667,0.8342617750167847,0.9682546555995941,0.9995221495628357,0.088484176
1991-2020,observed,Chardonnay,0.92977667,0.8342617750167847,0.9682546555995941,0.9995221495628357,0.088484176
1991-2020,observed,Generosa,0.9236666,0.8421075344085693,0.9633029997348785,0.9987086653709412,0.085336536
1991-2020,observed,Sauvignon blanc,0.9236666,0.8421075344085693,0.9633029997348785,0.9987086653709412,0.085336536
1991-2020,observed,Souvignier Gris,0.9236666,0.8421075344085693,0.9633029997348785,0.9987086653709412,0.085336536
1991-2020,observed,Szürkebarát,0.9236666,0.8421075344085693,0.9633029997348785,0.9987086653709412,0.085336536
1991-2020,observed,Cserszegi fűszeres,0.9236666,0.8421075344085693,0.9633029997348785,0.9987086653709412,0.085336536
1991-2020,observed,Leányka,0.9158591,0.8067287802696228,0.9554797410964966,0.9991511106491089,0.09329864
1991-2020,observed,Királyleányka,0.9158591,0.8067287802696228,0.9554797410964966,0.9991511106491089,0.09329864
1991-2020,observed,Budai zöld,0.9158591,0.8067287802696228,0.9554797410964966,0.9991511106491089,0.09329864
1991-2020,observed,Cabernet Cortis,0.915726,0.7975103259086609,0.948675274848938,0.9973452091217041,0.096895814
1991-2020,observed,Portugieser,0.915726,0.7975103259086609,0.948675274848938,0.9973452091217041,0.096895814
1991-2020,observed,Olaszrizling,0.915726,0.7975103259086609,0.948675274848938,0.9973452091217041,0.096895814
1991-2020,observed,Solaris,0.8843586,0.8017001748085022,0.9087872207164764,0.983823299407959,0.09302358
1991-2020,observed,Bronner,0.8843586,0.8017001748085022,0.9087872207164764,0.983823299407959,0.09302358
1991-2020,observed,Cabernet franc,0.8817508,0.7562807202339172,0.9050317704677582,0.9805428385734558,0.10390465
1991-2020,observed,Zalagyöngye,0.87971187,0.7492127418518066,0.9197232723236084,0.9929330945014954,0.11906884
1991-2020,observed,Albariño,0.87256217,0.747818112373352,0.8935894966125488,0.9631302952766418,0.1008515
1991-2020,observed,Aletta,0.8248163,0.6633850336074829,0.8657763004302979,0.9225234389305115,0.11829291
1991-2020,observed,Rózsakő,0.8083853,0.6384278535842896,0.8194342851638794,0.9803645610809326,0.15093398
1991-2020,observed,Chasselas,0.7997914,0.6471477746963501,0.8166753351688385,0.9964980483055115,0.14429092
1991-2020,observed,Nektár,0.797835,0.6107671856880188,0.8369041979312897,0.9600579738616943,0.1503822
1991-2020,observed,Zefír,0.797835,0.6107671856880188,0.8369041979312897,0.9600579738616943,0.1503822
1991-2020,observed,Vulcanus,0.797835,0.6107671856880188,0.8369041979312897,0.9600579738616943,0.1503822
1991-2020,observed,Zeus,0.797835,0.6107671856880188,0.8369041979312897,0.9600579738616943,0.1503822
1991-2020,observed,Auxerrois,0.797835,0.6107671856880188,0.8369041979312897,0.9600579738616943,0.1503822
1991-2020,observed,Zengő,0.7693585,0.5767071843147278,0.8137067258358002,0.9075238108634949,0.14232554
1991-2020,observed,Blauburger,0.73330265,0.4788123667240143,0.7896444797515869,0.8739128708839417,0.1513306
1991-2020,observed,Ezerjó,0.72134185,0.5178855061531067,0.722993940114975,0.9448949694633484,0.17960113
1991-2020,observed,Arany sárfehér,0.7209372,0.5073440074920654,0.7306696474552155,0.9254294633865356,0.17767209
1991-2020,observed,Cirfandli,0.7209372,0.5073440074920654,0.7306696474552155,0.9254294633865356,0.17767209
1991-2020,observed,Kéknyelű,0.7118466,0.4954474866390228,0.7356186211109161,0.8988375663757324,0.17641425
1991-2020,observed,Hárslevelű,0.6936003,0.47311240434646606,0.7254225611686707,0.8666313886642456,0.16969123
1991-2020,observed,Juhfark,0.6936003,0.47311240434646606,0.7254225611686707,0.8666313886642456,0.16969123
1991-2020,observed,Kabar,0.6936003,0.47311240434646606,0.7254225611686707,0.8666313886642456,0.16969123
1991-2020,observed,Kövérszőlő,0.6936003,0.47311240434646606,0.7254225611686707,0.8666313886642456,0.16969123
1991-2020,observed,Zéta,0.6936003,0.47311240434646606,0.7254225611686707,0.8666313886642456,0.16969123
1991-2020,observed,Zenit,0.6936003,0.47311240434646606,0.7254225611686707,0.8666313886642456,0.16969123
1991-2020,observed,Kadarka,0.6936003,0.47311240434646606,0.7254225611686707,0.8666313886642456,0.16969123
1991-2020,observed,Merlot,0.6936003,0.47311240434646606,0.7254225611686707,0.8666313886642456,0.16969123
1991-2020,observed,Turán,0.69101727,0.3827034533023834,0.7575567066669464,0.8515632152557373,0.17718309
1991-2020,observed,Furmint,0.68612516,0.46781837940216064,0.7166520953178406,0.8628493547439575,0.16618884
1991-2020,observed,Gamay,0.68612516,0.46781837940216064,0.7166520953178406,0.8628493547439575,0.16618884
1991-2020,observed,Kövidinka,0.68612516,0.46781837940216064,0.7166520953178406,0.8628493547439575,0.16618884
1991-2020,observed,Sémillon,0.68612516,0.46781837940216064,0.7166520953178406,0.8628493547439575,0.16618884
1991-2020,observed,Sárgamuskotály,0.66714734,0.40180060267448425,0.7124975025653839,0.8522914052009583,0.17760015
1991-2020,observed,Kunleány,0.6544354,0.40180060267448425,0.6954612731933594,0.8513427972793579,0.1710825
1991-2020,observed,Verdejo,0.60118985,0.3458441495895386,0.640981137752533,0.6809642314910889,0.14491855
1991-2020,observed,Vermentino,0.60118985,0.3458441495895386,0.640981137752533,0.6809642314910889,0.14491855
1991-2020,observed,Sangiovese,0.60118985,0.3458441495895386,0.640981137752533,0.6809642314910889,0.14491855
1991-2020,observed,Cabernet sauvignon,0.47798157,0.20475953817367554,0.5176942646503448,0.6575353741645813,0.15540907
1991-2020,observed,Syrah,0.47798157,0.20475953817367554,0.5176942646503448,0.6575353741645813,0.15540907
1991-2020,observed,Menoire,0.47430718,0.20475953817367554,0.5123696029186249,0.6518808603286743,0.15306096
1991-2020,observed,Mészikadar,0.47430718,0.20475953817367554,0.5123696029186249,0.6518808603286743,0.15306096
1991-2020,observed,Fiano,0.45689797,0.06354937702417374,0.4695132225751877,0.6453120708465576,0.23414133
1991-2020,observed,Bíborkadarka,0.36423367,0.03818722814321518,0.38205285370349884,0.6319478750228882,0.20134336
1991-2020,observed,Alibernet,0.36318094,0.03818722814321518,0.38205285370349884,0.6318967938423157,0.20027547
1991-2020,observed,Malbec,0.30937812,0.026351559907197952,0.3272624760866165,0.567593514919281,0.18408331
1991-2020,observed,Tannat,0.3085074,0.026351559907197952,0.32587411999702454,0.5675476789474487,0.18329829
1991-2020,observed,Assyrtiko,0.21204399,0.0,0.11700192466378212,0.43078699707984924,0.20074037
1991-2020,observed,Sagrantino,0.18023206,0.0,0.09728703275322914,0.3829071819782257,0.17121907
1991-2020,observed,Tempranillo,0.15613145,0.0,0.07800128310918808,0.34351199865341187,0.16362195
1991-2020,observed,Touriga Nacional,0.059718683,0.0,0.0,0.1889665275812149,0.103347935
1991-2020,observed,Aglianico,0.015303586,0.0,0.0,0.046323925256729126,0.0430506
1991-2020,observed,Garnacha,0.010951072,0.0,0.0,0.030882617458701134,0.031908356
1991-2020,observed,Carignan,0.010951072,0.0,0.0,0.030882617458701134,0.031908356
1991-2020,observed,Nero d'Avola,0.0,0.0,0.0,0.0,0.0
1991-2020,observed,Mourvèdre,0.0,0.0,0.0,0.0,0.0
2021-2040,rcp45,Zweigelt,0.9587206,0.8962917387485504,0.9769485890865326,0.9994222402572632,0.05602892
2021-2040,rcp45,Kékfrankos,0.9587206,0.8962917387485504,0.9769485890865326,0.9994222402572632,0.05602892
2021-2040,rcp45,Cabernet franc,0.9330666,0.8120502769947052,0.9660117030143738,0.9990392327308655,0.08548824
2021-2040,rcp45,Olaszrizling,0.92997336,0.8266910076141357,0.9638870060443878,0.9986730575561523,0.08451452
2021-2040,rcp45,Portugieser,0.92997336,0.8266910076141357,0.9638870060443878,0.9986730575561523,0.08451452
2021-2040,rcp45,Cabernet Cortis,0.92997336,0.8266910076141357,0.9638870060443878,0.9986730575561523,0.08451452
2021-2040,rcp45,Bianca,0.92926294,0.8460020065307617,0.954709380865097,0.9982789754867554,0.07553146
2021-2040,rcp45,Albariño,0.92611337,0.7871771812438965,0.963090568780899,0.9973018109798432,0.09229373
2021-2040,rcp45,Chardonnay,0.9260258,0.8263116896152497,0.954709380865097,0.9982789754867554,0.08276775
2021-2040,rcp45,Aletta,0.9016103,0.7150468468666077,0.9441544115543365,0.996588534116745,0.11753474
2021-2040,rcp45,Cserszegi fűszeres,0.9003742,0.8165110528469086,0.9126989543437958,0.9918084919452668,0.08574355
2021-2040,rcp45,Generosa,0.9003742,0.8165110528469086,0.9126989543437958,0.9918084919452668,0.08574355
2021-2040,rcp45,Leányka,0.8985465,0.7779575407505035,0.9293820559978485,0.9969495415687561,0.11033762
2021-2040,rcp45,Budai zöld,0.8985465,0.7779575407505035,0.9293820559978485,0.9969495415687561,0.11033762
2021-2040,rcp45,Királyleányka,0.8985465,0.7779575407505035,0.9293820559978485,0.9969495415687561,0.11033762
2021-2040,rcp45,Sauvignon blanc,0.8906035,0.7806492507457733,0.9126989543437958,0.9918084919452668,0.10814648
2021-2040,rcp45,Souvignier Gris,0.8906035,0.7806492507457733,0.9126989543437958,0.9918084919452668,0.10814648
2021-2040,rcp45,Szürkebarát,0.8906035,0.7806492507457733,0.9126989543437958,0.9918084919452668,0.10814648
2021-2040,rcp45,Zalagyöngye,0.8839889,0.7416097223758698,0.9090423882007599,0.9927204191684723,0.1041713
2021-2040,rcp45,Zengő,0.87240136,0.6332513451576233,0.9347988069057465,0.9960535049438477,0.14995848
2021-2040,rcp45,Nektár,0.8718117,0.6589147865772247,0.9272231161594391,0.9964670777320862,0.14365868
2021-2040,rcp45,Vulcanus,0.8718117,0.6589147865772247,0.9272231161594391,0.9964670777320862,0.14365868
2021-2040,rcp45,Zefír,0.8718117,0.6589147865772247,0.9272231161594391,0.9964670777320862,0.14365868
2021-2040,rcp45,Zeus,0.8718117,0.6589147865772247,0.9272231161594391,0.9964670777320862,0.14365868
2021-2040,rcp45,Auxerrois,0.8718117,0.6589147865772247,0.9272231161594391,0.9964670777320862,0.14365868
2021-2040,rcp45,Blauburger,0.85417134,0.6193312048912049,0.9036708772182465,0.9902135252952575,0.15075023
2021-2040,rcp45,Rózsakő,0.8490916,0.6490112662315368,0.8844053745269775,0.9917561113834381,0.14017329
2021-2040,rcp45,Turán,0.8319865,0.6050193130970001,0.8775950372219086,0.9708106577396393,0.14840358
2021-2040,rcp45,Zenit,0.81769633,0.5360210299491882,0.8777797818183899,0.9960523903369903,0.18695642
2021-2040,rcp45,Hárslevelű,0.81714207,0.5360210299491882,0.8777797818183899,0.9960523903369903,0.18727991
2021-2040,rcp45,Kövérszőlő,0.81714207,0.5360210299491882,0.8777797818183899,0.9960523903369903,0.18727991
2021-2040,rcp45,Kabar,0.81714207,0.5360210299491882,0.8777797818183899,0.9960523903369903,0.18727991
2021-2040,rcp45,Kadarka,0.81714207,0.5360210299491882,0.8777797818183899,0.9960523903369903,0.18727991
2021-2040,rcp45,Zéta,0.81714207,0.5360210299491882,0.8777797818183899,0.9960523903369903,0.18727991
2021-2040,rcp45,Merlot,0.81714207,0.5360210299491882,0.8777797818183899,0.9960523903369903,0.18727991
2021-2040,rcp45,Arany sárfehér,0.81567657,0.554262900352478,0.867110550403595,0.9945073008537293,0.18112065
2021-2040,rcp45,Kövidinka,0.81522536,0.5317362725734711,0.8855789601802826,0.9922452092170715,0.1874264
2021-2040,rcp45,Furmint,0.81522536,0.5317362725734711,0.8855789601802826,0.9922452092170715,0.1874264
2021-2040,rcp45,Sémillon,0.8150252,0.5317362725734711,0.8855789601802826,0.9922452092170715,0.18748625
2021-2040,rcp45,Gamay,0.8150252,0.5317362725734711,0.8855789601802826,0.9922452092170715,0.18748625
2021-2040,rcp45,Juhfark,0.8141049,0.5305997610092164,0.8766656219959259,0.9960523903369903,0.18887027
2021-2040,rcp45,Kéknyelű,0.8125708,0.5414976298809052,0.8674083054065704,0.9933789074420929,0.18512732
2021-2040,rcp45,Sárgamuskotály,0.8062029,0.5174270451068879,0.8725321590900421,0.9935192346572876,0.18961261
2021-2040,rcp45,Cirfandli,0.80361986,0.5315752744674682,0.8611299395561218,0.9945073008537293,0.19151816
2021-2040,rcp45,Chasselas,0.79915327,0.6131132543087006,0.8464337289333344,0.9497699499130249,0.13679145
2021-2040,rcp45,Kunleány,0.7982129,0.5163744747638702,0.8644557893276215,0.9736258625984192,0.1857615
2021-2040,rcp45,Ezerjó,0.79274243,0.5390416562557221,0.8431736826896667,0.9904699981212616,0.1778867
2021-2040,rcp45,Zöld veltelíni,0.78600216,0.5638318002223969,0.8897028863430023,0.9905247807502746,0.18610789
2021-2040,rcp45,Pinot blanc,0.78600216,0.5638318002223969,0.8897028863430023,0.9905247807502746,0.18610789
2021-2040,rcp45,Sangiovese,0.7796747,0.5696546912193299,0.689437985420227,0.9947097718715667,0.1778464
2021-2040,rcp45,Verdejo,0.7796747,0.5696546912193299,0.689437985420227,0.9947097718715667,0.1778464
2021-2040,rcp45,Vermentino,0.7796747,0.5696546912193299,0.689437985420227,0.9947097718715667,0.1778464
2021-2040,rcp45,Tramini,0.7631166,0.4522751480340958,0.8887550234794617,0.9905247807502746,0.2233221
2021-2040,rcp45,Rajnai rizling,0.7631166,0.4522751480340958,0.8887550234794617,0.9905247807502746,0.2233221
2021-2040,rcp45,Pinot noir,0.7631166,0.4522751480340958,0.8887550234794617,0.9905247807502746,0.2233221
2021-2040,rcp45,Muscat ottonel,0.7631166,0.4522751480340958,0.8887550234794617,0.9905247807502746,0.2233221
2021-2040,rcp45,Rizlingszilváni,0.7616856,0.44385877549648284,0.8887550234794617,0.9905247807502746,0.22539559
2021-2040,rcp45,Irsai Olivér,0.7616856,0.44385877549648284,0.8887550234794617,0.9905247807502746,0.22539559
2021-2040,rcp45,Müller-Thurgau,0.7616856,0.44385877549648284,0.8887550234794617,0.9905247807502746,0.22539559
2021-2040,rcp45,Johanniter,0.7525338,0.44385877549648284,0.8792104125022888,0.9725363850593567,0.21876408
2021-2040,rcp45,Muscaris,0.7525338,0.44385877549648284,0.8792104125022888,0.9725363850593567,0.21876408
2021-2040,rcp45,Fiano,0.7179072,0.42058643996715545,0.6510441303253174,0.9578430533409119,0.20630093
2021-2040,rcp45,Syrah,0.69575924,0.38169341385364536,0.6805229187011719,0.9754542589187623,0.22483355
2021-2040,rcp45,Cabernet sauvignon,0.6949662,0.38169341385364536,0.6803240478038788,0.9754542589187623,0.22460942
2021-2040,rcp45,Solaris,0.6933165,0.3625102758407593,0.850113183259964,0.9092840433120728,0.22546531
2021-2040,rcp45,Bronner,0.6933165,0.3625102758407593,0.850113183259964,0.9092840433120728,0.22546531
2021-2040,rcp45,Mészikadar,0.6889608,0.37850031554698943,0.6714710593223572,0.9588420689105988,0.2222836
2021-2040,rcp45,Menoire,0.68875396,0.37850031554698943,0.6714710593223572,0.9588420689105988,0.22219345
2021-2040,rcp45,Bíborkadarka,0.6365297,0.2944705218076706,0.6413404643535614,0.9127926886081695,0.23506486
2021-2040,rcp45,Alibernet,0.6313933,0.2944705218076706,0.6405417919158936,0.8993204772472382,0.23074445
2021-2040,rcp45,Malbec,0.57500947,0.22048750817775728,0.6050666570663452,0.8861131310462952,0.24474657
2021-2040,rcp45,Tannat,0.5703455,0.22048750817775728,0.6041453182697296,0.8766675353050232,0.24101354
2021-2040,rcp45,Assyrtiko,0.5270293,0.10371943935751915,0.5357328951358795,0.8615212202072144,0.2930467
2021-2040,rcp45,Sagrantino,0.47667927,0.06023056507110596,0.48305508494377136,0.8507816314697265,0.28236726
2021-2040,rcp45,Tempranillo,0.4321696,0.06914629116654397,0.37137551605701447,0.8134156823158264,0.2815308
2021-2040,rcp45,Touriga Nacional,0.26860854,0.0,0.16874781996011734,0.6513197243213654,0.25815174
2021-2040,rcp45,Aglianico,0.12230633,0.0,0.0,0.38912035226821906,0.17895822
2021-2040,rcp45,Garnacha,0.09163782,0.0,0.0,0.29184026122093204,0.13425146
2021-2040,rcp45,Carignan,0.09163782,0.0,0.0,0.29184026122093204,0.13425146
2021-2040,rcp45,Nero d'Avola,0.0,0.0,0.0,0.0,0.0
2021-2040,rcp45,Mourvèdre,0.0,0.0,0.0,0.0,0.0
2041-2060,rcp45,Aletta,0.9442954,0.8572954356670379,0.9714074730873108,0.9989794254302978,0.08199358
2041-2060,rcp45,Cabernet franc,0.9419122,0.8440505266189575,0.9707647264003754,0.9989705204963684,0.08269245
2041-2060,rcp45,Albariño,0.9388073,0.8123889267444611,0.978327602148056,0.9994649112224578,0.095616765
2041-2060,rcp45,Zengő,0.9231029,0.7716852247714996,0.9686411321163177,0.9992475807666779,0.110699564
2041-2060,rcp45,Zweigelt,0.92036724,0.8423996269702911,0.9532916843891144,0.998016631603241,0.10968099
2041-2060,rcp45,Kékfrankos,0.92036724,0.8423996269702911,0.9532916843891144,0.998016631603241,0.10968099
2041-2060,rcp45,Blauburger,0.91564953,0.7583213329315186,0.9600310325622559,0.9982216119766235,0.11401408
2041-2060,rcp45,Bianca,0.9100562,0.8404011130332947,0.9282742440700531,0.994638854265213,0.08564696
2041-2060,rcp45,Cabernet Cortis,0.9071364,0.7685207486152649,0.9445827603340149,0.9978261530399323,0.11331625
2041-2060,rcp45,Portugieser,0.9071364,0.7685207486152649,0.9445827603340149,0.9978261530399323,0.11331625
2041-2060,rcp45,Olaszrizling,0.9071364,0.7685207486152649,0.9445827603340149,0.9978261530399323,0.11331625
2041-2060,rcp45,Turán,0.8994935,0.7318161249160766,0.934738278388977,0.9970663845539093,0.11640059
2041-2060,rcp45,Chardonnay,0.89855504,0.7655331313610078,0.9282742440700531,0.994638854265213,0.11087241
2041-2060,rcp45,Kövidinka,0.89095473,0.6706797540187835,0.9525415897369385,0.9986412286758423,0.14734773
2041-2060,rcp45,Furmint,0.88987803,0.6706797540187835,0.9525415897369385,0.9986412286758423,0.14800034
2041-2060,rcp45,Gamay,0.8886867,0.6628002643585205,0.9525415897369385,0.9986412286758423,0.14887637
2041-2060,rcp45,Sémillon,0.8886867,0.6628002643585205,0.9525415897369385,0.9986412286758423,0.14887637
2041-2060,rcp45,Zeus,0.88521457,0.6939271688461304,0.9216300547122955,0.9960620164871216,0.12690552
2041-2060,rcp45,Nektár,0.88521457,0.6939271688461304,0.9216300547122955,0.9960620164871216,0.12690552
2041-2060,rcp45,Zefír,0.88521457,0.6939271688461304,0.9216300547122955,0.9960620164871216,0.12690552
2041-2060,rcp45,Vulcanus,0.88521457,0.6939271688461304,0.9216300547122955,0.9960620164871216,0.12690552
2041-2060,rcp45,Auxerrois,0.88521457,0.6939271688461304,0.9216300547122955,0.9960620164871216,0.12690552
2041-2060,rcp45,Kunleány,0.88437116,0.6537828862667083,0.9472911953926086,0.9982216119766235,0.15030703
2041-2060,rcp45,Zenit,0.88144577,0.6665608823299408,0.9365574717521667,0.9974151611328125,0.14733297
2041-2060,rcp45,Kadarka,0.8794436,0.6643292367458343,0.9365574717521667,0.9974151611328125,0.14940524
2041-2060,rcp45,Merlot,0.8794436,0.6643292367458343,0.9365574717521667,0.9974151611328125,0.14940524
2041-2060,rcp45,Kövérszőlő,0.8794436,0.6643292367458343,0.9365574717521667,0.9974151611328125,0.14940524
2041-2060,rcp45,Zéta,0.8794436,0.6643292367458343,0.9365574717521667,0.9974151611328125,0.14940524
2041-2060,rcp45,Kabar,0.8794436,0.6643292367458343,0.9365574717521667,0.9974151611328125,0.14940524
2041-2060,rcp45,Hárslevelű,0.8794436,0.6643292367458343,0.9365574717521667,0.9974151611328125,0.14940524
2041-2060,rcp45,Verdejo,0.87492853,0.6496042430400848,0.9567514955997467,0.9984191834926606,0.15199095
2041-2060,rcp45,Vermentino,0.87492853,0.6496042430400848,0.9567514955997467,0.9984191834926606,0.15199095
2041-2060,rcp45,Sangiovese,0.87492853,0.6496042430400848,0.9567514955997467,0.9984191834926606,0.15199095
2041-2060,rcp45,Juhfark,0.8646047,0.5909962832927704,0.9365574717521667,0.9974151611328125,0.16577388
2041-2060,rcp45,Sárgamuskotály,0.86226803,0.593757462501526,0.9378315806388855,0.9986711025238038,0.16663317
2041-2060,rcp45,Generosa,0.8592724,0.7259988188743591,0.8814817070960999,0.9750426828861237,0.12225877
2041-2060,rcp45,Cserszegi fűszeres,0.8592724,0.7259988188743591,0.8814817070960999,0.9750426828861237,0.12225877
2041-2060,rcp45,Zalagyöngye,0.85799843,0.7084090709686279,0.8817643821239471,0.9808957636356354,0.11702497
2041-2060,rcp45,Arany sárfehér,0.85349697,0.6147550761699676,0.8966609239578247,0.9915639102458954,0.14891703
2041-2060,rcp45,Kéknyelű,0.84573704,0.5786706924438476,0.9013799726963043,0.9943936109542847,0.16381991
2041-2060,rcp45,Budai zöld,0.84539586,0.6113166332244874,0.891825944185257,0.990558385848999,0.17121123
2041-2060,rcp45,Királyleányka,0.84539586,0.6113166332244874,0.891825944185257,0.990558385848999,0.17121123
2041-2060,rcp45,Leányka,0.84539586,0.6113166332244874,0.891825944185257,0.990558385848999,0.17121123
2041-2060,rcp45,Sauvignon blanc,0.83647376,0.6039376020431518,0.8814817070960999,0.9750426828861237,0.1670847
2041-2060,rcp45,Szürkebarát,0.83647376,0.6039376020431518,0.8814817070960999,0.9750426828861237,0.1670847
2041-2060,rcp45,Souvignier Gris,0.83647376,0.6039376020431518,0.8814817070960999,0.9750426828861237,0.1670847
2041-2060,rcp45,Fiano,0.83537155,0.5978920817375183,0.9035973250865936,0.9856211245059967,0.16471489
2041-2060,rcp45,Rózsakő,0.8348025,0.6193556964397431,0.8749316930770874,0.9811118900775909,0.14639795
2041-2060,rcp45,Syrah,0.8267585,0.5166222870349885,0.9292283058166504,0.9972649276256561,0.1988425
2041-2060,rcp45,Mészikadar,0.82461005,0.5103685021400451,0.9287834763526917,0.9975072920322419,0.20019104
2041-2060,rcp45,Cabernet sauvignon,0.8234099,0.5166222870349885,0.9268083870410919,0.9972649276256561,0.19955996
2041-2060,rcp45,Menoire,0.82220894,0.5103685021400451,0.9281436502933502,0.9975072920322419,0.20003405
2041-2060,rcp45,Cirfandli,0.8181836,0.522483104467392,0.8949643671512604,0.9915639102458954,0.19517238
2041-2060,rcp45,Ezerjó,0.8054297,0.5621529996395112,0.8553838729858398,0.9678281426429749,0.16425733
2041-2060,rcp45,Bíborkadarka,0.78849494,0.4533223330974579,0.8814916610717773,0.985063087940216,0.20732585
2041-2060,rcp45,Alibernet,0.7812315,0.45160297155380247,0.8746315240859985,0.971263724565506,0.20394556
2041-2060,rcp45,Chasselas,0.76980597,0.5436813175678253,0.8267779052257538,0.9163932621479035,0.14979848
2041-2060,rcp45,Malbec,0.7483074,0.3714442074298859,0.8610913157463074,0.9788355708122254,0.23356928
2041-2060,rcp45,Tannat,0.741102,0.37107677161693575,0.8555354177951813,0.9644712150096894,0.23001428
2041-2060,rcp45,Assyrtiko,0.7171322,0.30941708087921144,0.8507502675056458,0.936859005689621,0.24950711
2041-2060,rcp45,Sagrantino,0.6769814,0.265656316280365,0.8121590614318848,0.9177087247371674,0.2599222
2041-2060,rcp45,Zöld veltelíni,0.65689003,0.3952276408672333,0.6390962898731232,0.9396548986434937,0.20466855
2041-2060,rcp45,Pinot blanc,0.65689003,0.3952276408672333,0.6390962898731232,0.9396548986434937,0.20466855
2041-2060,rcp45,Tempranillo,0.6249968,0.20821161866188054,0.694986492395401,0.8920815944671631,0.26734543
2041-2060,rcp45,Rajnai rizling,0.6186386,0.2460095122456551,0.6385617554187775,0.9396548986434937,0.25048694
2041-2060,rcp45,Pinot noir,0.6186386,0.2460095122456551,0.6385617554187775,0.9396548986434937,0.25048694
2041-2060,rcp45,Tramini,0.6186386,0.2460095122456551,0.6385617554187775,0.9396548986434937,0.25048694
2041-2060,rcp45,Muscat ottonel,0.6186386,0.2460095122456551,0.6385617554187775,0.9396548986434937,0.25048694
2041-2060,rcp45,Müller-Thurgau,0.6151928,0.2350149914622307,0.6385617554187775,0.9396548986434937,0.25355643
2041-2060,rcp45,Irsai Olivér,0.6151928,0.2350149914622307,0.6385617554187775,0.9396548986434937,0.25355643
2041-2060,rcp45,Rizlingszilváni,0.6151928,0.2350149914622307,0.6385617554187775,0.9396548986434937,0.25355643
2041-2060,rcp45,Johanniter,0.6102623,0.2350149914622307,0.6382807195186615,0.920819240808487,0.24836554
2041-2060,rcp45,Muscaris,0.6102623,0.2350149914622307,0.6382807195186615,0.920819240808487,0.24836554
2041-2060,rcp45,Bronner,0.54728097,0.18379321098327636,0.5509839355945587,0.8638589441776275,0.24842413
2041-2060,rcp45,Solaris,0.54728097,0.18379321098327636,0.5509839355945587,0.8638589441776275,0.24842413
2041-2060,rcp45,Touriga Nacional,0.45423904,0.050935526192188274,0.46194350719451904,0.8512332737445831,0.29034957
2041-2060,rcp45,Aglianico,0.26496524,0.0,0.19571063667535782,0.7072896242141725,0.26910493
2041-2060,rcp45,Garnacha,0.20208597,0.0,0.14678297191858292,0.5304672062397005,0.21129325
2041-2060,rcp45,Carignan,0.20208597,0.0,0.14678297191858292,0.5304672062397005,0.21129325
2041-2060,rcp45,Mourvèdre,0.0,0.0,0.0,0.0,0.0
2041-2060,rcp45,Nero d'Avola,0.0,0.0,0.0,0.0,0.0
2061-2080,rcp45,Aletta,0.9632256,0.9073845982551575,0.9794470369815826,0.9994141459465027,0.046944294
2061-2080,rcp45,Zengő,0.95330065,0.885170179605484,0.9760555922985077,0.9989559829235077,0.063169725
2061-2080,rcp45,Blauburger,0.95025516,0.8788947641849518,0.9748494923114777,0.9989717423915863,0.065255575
2061-2080,rcp45,Albariño,0.94467354,0.8821268439292907,0.9776335954666138,0.998986941576004,0.0975853
2061-2080,rcp45,Kövidinka,0.94405025,0.8677144229412079,0.9719671308994293,0.9988089442253113,0.07942163
2061-2080,rcp45,Furmint,0.9425994,0.8598412275314331,0.9719671308994293,0.9988089442253113,0.08163951
2061-2080,rcp45,Kunleány,0.9415525,0.8588885724544525,0.9698991477489471,0.998841518163681,0.08307767
2061-2080,rcp45,Sémillon,0.9406282,0.8515129804611207,0.9719671308994293,0.9988089442253113,0.08522044
2061-2080,rcp45,Gamay,0.9406282,0.8515129804611207,0.9719671308994293,0.9988089442253113,0.08522044
2061-2080,rcp45,Turán,0.9376611,0.8651162326335907,0.9539027512073517,0.9980477511882782,0.07119383
2061-2080,rcp45,Zenit,0.92973584,0.8492917776107788,0.9610226154327393,0.998595941066742,0.086841576
2061-2080,rcp45,Hárslevelű,0.927025,0.8286206126213074,0.9610226154327393,0.998595941066742,0.093150415
2061-2080,rcp45,Zéta,0.927025,0.8286206126213074,0.9610226154327393,0.998595941066742,0.093150415
2061-2080,rcp45,Kabar,0.927025,0.8286206126213074,0.9610226154327393,0.998595941066742,0.093150415
2061-2080,rcp45,Kövérszőlő,0.927025,0.8286206126213074,0.9610226154327393,0.998595941066742,0.093150415
2061-2080,rcp45,Kadarka,0.92698264,0.8286206126213074,0.9610226154327393,0.998595941066742,0.093254715
2061-2080,rcp45,Merlot,0.92698264,0.8286206126213074,0.9610226154327393,0.998595941066742,0.093254715
2061-2080,rcp45,Cabernet franc,0.91571796,0.6696197926998139,0.9685782194137573,0.9986475229263305,0.1285624
2061-2080,rcp45,Vermentino,0.89632696,0.6604199469089508,0.9649748504161835,0.9991417169570923,0.13731024
2061-2080,rcp45,Verdejo,0.89632696,0.6604199469089508,0.9649748504161835,0.9991417169570923,0.13731024
2061-2080,rcp45,Sangiovese,0.89632696,0.6604199469089508,0.9649748504161835,0.9991417169570923,0.13731024
2061-2080,rcp45,Juhfark,0.88897854,0.6556822478771209,0.9610226154327393,0.998595941066742,0.15873373
2061-2080,rcp45,Mészikadar,0.88847023,0.6434907197952271,0.9629494249820709,0.9981381297111511,0.15439367
2061-2080,rcp45,Syrah,0.88704544,0.645278400182724,0.9621173441410065,0.9986823499202728,0.15283194
2061-2080,rcp45,Sárgamuskotály,0.8869358,0.6556098163127899,0.9542827904224396,0.9991871476173401,0.15880235
2061-2080,rcp45,Menoire,0.88483775,0.6434907197952271,0.9629494249820709,0.9981381297111511,0.15519165
2061-2080,rcp45,Kékfrankos,0.8836031,0.6381158947944641,0.9392510056495667,0.9973683297634125,0.16010737
2061-2080,rcp45,Zweigelt,0.8836031,0.6381158947944641,0.9392510056495667,0.9973683297634125,0.16010737
2061-2080,rcp45,Bianca,0.8823269,0.6386822283267974,0.925858199596405,0.9955124497413635,0.13749039
2061-2080,rcp45,Cabernet sauvignon,0.8822101,0.6414555549621582,0.9621173441410065,0.9986823499202728,0.15633738
2061-2080,rcp45,Portugieser,0.8818799,0.6381158947944641,0.9374665021896362,0.9973683297634125,0.15998563
2061-2080,rcp45,Olaszrizling,0.8818799,0.6381158947944641,0.9374665021896362,0.9973683297634125,0.15998563
2061-2080,rcp45,Cabernet Cortis,0.8818799,0.6381158947944641,0.9374665021896362,0.9973683297634125,0.15998563
2061-2080,rcp45,Auxerrois,0.88150954,0.6382140934467315,0.9334128201007843,0.9961521744728088,0.15077135
2061-2080,rcp45,Nektár,0.88150954,0.6382140934467315,0.9334128201007843,0.9961521744728088,0.15077135
2061-2080,rcp45,Vulcanus,0.88150954,0.6382140934467315,0.9334128201007843,0.9961521744728088,0.15077135
2061-2080,rcp45,Zefír,0.88150954,0.6382140934467315,0.9334128201007843,0.9961521744728088,0.15077135
2061-2080,rcp45,Zeus,0.88150954,0.6382140934467315,0.9334128201007843,0.9961521744728088,0.15077135
2061-2080,rcp45,Chardonnay,0.87475777,0.6379717469215394,0.925858199596405,0.9955124497413635,0.15740177
2061-2080,rcp45,Arany sárfehér,0.8709457,0.6377311587333679,0.9173820614814758,0.9945181310176849,0.14541852
2061-2080,rcp45,Kéknyelű,0.86613196,0.6348138928413392,0.9235181212425232,0.9952241539955139,0.1652444
2061-2080,rcp45,Fiano,0.8579625,0.6381493210792542,0.9140700697898865,0.9949950516223908,0.16242282
2061-2080,rcp45,Bíborkadarka,0.8518153,0.5883759498596192,0.9164486825466156,0.9947697997093201,0.17852439
2061-2080,rcp45,Cirfandli,0.84519076,0.5721605837345124,0.9173820614814758,0.9945181310176849,0.20007378
2061-2080,rcp45,Alibernet,0.8447657,0.5883259534835815,0.904554545879364,0.9912845730781555,0.17573921
2061-2080,rcp45,Zalagyöngye,0.84004974,0.5696832835674286,0.878302663564682,0.986508309841156,0.16210268
2061-2080,rcp45,Generosa,0.83509725,0.5614478528499603,0.8797816038131714,0.9811356842517853,0.17031632
2061-2080,rcp45,Cserszegi fűszeres,0.83509725,0.5614478528499603,0.8797816038131714,0.9811356842517853,0.17031632
2061-2080,rcp45,Malbec,0.8339371,0.5258762121200562,0.9095548093318939,0.9943369805812836,0.19317216
2061-2080,rcp45,Rózsakő,0.8315328,0.5467002809047699,0.8786760866641998,0.9893614947795868,0.17913555
2061-2080,rcp45,Tannat,0.8267511,0.5256898581981659,0.8991080820560455,0.9890675485134125,0.1902211
2061-2080,rcp45,Leányka,0.82621604,0.5105462312698364,0.8884982466697693,0.9920845687389374,0.20633541
2061-2080,rcp45,Budai zöld,0.82621604,0.5105462312698364,0.8884982466697693,0.9920845687389374,0.20633541
2061-2080,rcp45,Királyleányka,0.82621604,0.5105462312698364,0.8884982466697693,0.9920845687389374,0.20633541
2061-2080,rcp45,Ezerjó,0.82395214,0.5596716403961182,0.8714852929115295,0.9829322338104248,0.1749566
2061-2080,rcp45,Szürkebarát,0.81918025,0.5105462312698364,0.8797816038131714,0.9811356842517853,0.20261772
2061-2080,rcp45,Sauvignon blanc,0.81918025,0.5105462312698364,0.8797816038131714,0.9811356842517853,0.20261772
2061-2080,rcp45,Souvignier Gris,0.81918025,0.5105462312698364,0.8797816038131714,0.9811356842517853,0.20261772
2061-2080,rcp45,Assyrtiko,0.7757811,0.3778253942728043,0.8662671446800232,0.9707383215427399,0.24577327
2061-2080,rcp45,Chasselas,0.76547265,0.47037641406059266,0.8357364535331726,0.9349303901195526,0.1831784
2061-2080,rcp45,Sagrantino,0.7551347,0.3363378345966339,0.8596822321414948,0.9510135293006897,0.24797651
2061-2080,rcp45,Tempranillo,0.6881411,0.25188360065221793,0.8087776303291321,0.9320295810699463,0.2689637
2061-2080,rcp45,Zöld veltelíni,0.6176676,0.2917848408222199,0.6375379264354706,0.9466764867305756,0.22623706
2061-2080,rcp45,Pinot blanc,0.6176676,0.2917848408222199,0.6375379264354706,0.9466764867305756,0.22623706
2061-2080,rcp45,Muscat ottonel,0.59062475,0.19691520780324936,0.6375109553337097,0.9466764867305756,0.25684077
2061-2080,rcp45,Rajnai rizling,0.59062475,0.19691520780324936,0.6375109553337097,0.9466764867305756,0.25684077
2061-2080,rcp45,Pinot noir,0.59062475,0.19691520780324936,0.6375109553337097,0.9466764867305756,0.25684077
2061-2080,rcp45,Tramini,0.59062475,0.19691520780324936,0.6375109553337097,0.9466764867305756,0.25684077
2061-2080,rcp45,Müller-Thurgau,0.58595735,0.18472724556922912,0.6375109553337097,0.9466764867305756,0.2601879
2061-2080,rcp45,Rizlingszilváni,0.58595735,0.18472724556922912,0.6375109553337097,0.9466764867305756,0.2601879
2061-2080,rcp45,Irsai Olivér,0.58595735,0.18472724556922912,0.6375109553337097,0.9466764867305756,0.2601879
2061-2080,rcp45,Johanniter,0.5817019,0.18472724556922912,0.6375080645084381,0.9270188510417938,0.2553365
2061-2080,rcp45,Muscaris,0.5817019,0.18472724556922912,0.6375080645084381,0.9270188510417938,0.2553365
2061-2080,rcp45,Touriga Nacional,0.52279055,0.04459950998425484,0.5397596955299377,0.8710099756717682,0.30806488
2061-2080,rcp45,Bronner,0.5155923,0.1375061348080635,0.5327981114387512,0.8676433086395263,0.25215328
2061-2080,rcp45,Solaris,0.5155923,0.1375061348080635,0.5327981114387512,0.8676433086395263,0.25215328
2061-2080,rcp45,Aglianico,0.32980826,0.0,0.2645306885242462,0.8087992846965791,0.298343
2061-2080,rcp45,Garnacha,0.27635452,0.0,0.19839800894260406,0.7776520371437077,0.2768671
2061-2080,rcp45,Carignan,0.27635452,0.0,0.19839800894260406,0.7776520371437077,0.2768671
2061-2080,rcp45,Mourvèdre,0.0,0.0,0.0,0.0,0.0
2061-2080,rcp45,Nero d'Avola,0.0,0.0,0.0,0.0,0.0
2081-2100,rcp45,Aletta,0.9618426,0.9032010614871979,0.9760103821754456,0.9988780975341797,0.044448614
2081-2100,rcp45,Blauburger,0.952846,0.8914666175842285,0.9712437093257904,0.9987832307815552,0.057233322
2081-2100,rcp45,Zengő,0.95254856,0.8870681285858154,0.9686879217624664,0.9986570298671722,0.059362516
2081-2100,rcp45,Kunleány,0.9504592,0.8861915349960328,0.969714492559433,0.9987244009971619,0.057680883
2081-2100,rcp45,Kövidinka,0.9493438,0.8785852670669556,0.9673013985157013,0.9985490024089814,0.061061706
2081-2100,rcp45,Furmint,0.9479985,0.8785852670669556,0.9673013985157013,0.9985490024089814,0.066309996
2081-2100,rcp45,Gamay,0.9461896,0.8785852670669556,0.9673013985157013,0.9985490024089814,0.07218708
2081-2100,rcp45,Sémillon,0.9461896,0.8785852670669556,0.9673013985157013,0.9985490024089814,0.07218708
2081-2100,rcp45,Turán,0.944591,0.8718391478061676,0.9598174393177032,0.9984787762165069,0.055139747
2081-2100,rcp45,Albariño,0.9405328,0.8868842959403992,0.9716710150241852,0.998752874135971,0.105850786
2081-2100,rcp45,Zenit,0.9315886,0.8514675855636596,0.958644449710846,0.9985945820808411,0.08365925
2081-2100,rcp45,Hárslevelű,0.9290388,0.8513890385627747,0.958644449710846,0.9985945820808411,0.09156886
2081-2100,rcp45,Zéta,0.9290388,0.8513890385627747,0.958644449710846,0.9985945820808411,0.09156886
2081-2100,rcp45,Kabar,0.9290388,0.8513890385627747,0.958644449710846,0.9985945820808411,0.09156886
2081-2100,rcp45,Kövérszőlő,0.9290388,0.8513890385627747,0.958644449710846,0.9985945820808411,0.09156886
2081-2100,rcp45,Kadarka,0.92864376,0.8513890385627747,0.958644449710846,0.9985945820808411,0.092877924
2081-2100,rcp45,Merlot,0.92864376,0.8513890385627747,0.958644449710846,0.9985945820808411,0.092877924
2081-2100,rcp45,Verdejo,0.9053185,0.6656442582607269,0.965848445892334,0.9984319031238555,0.1276618
2081-2100,rcp45,Vermentino,0.9048969,0.6656442582607269,0.965848445892334,0.9984319031238555,0.12914617
2081-2100,rcp45,Sangiovese,0.9048969,0.6656442582607269,0.965848445892334,0.9984319031238555,0.12914617
2081-2100,rcp45,Mészikadar,0.9044113,0.6645686626434326,0.9590072631835938,0.9983146607875824,0.12454808
2081-2100,rcp45,Cabernet franc,0.90165937,0.650299745798111,0.9645408093929291,0.9990165948867797,0.14621547
2081-2100,rcp45,Menoire,0.9009724,0.661972439289093,0.9590072631835938,0.9983146607875824,0.12835583
2081-2100,rcp45,Syrah,0.89960647,0.6686909019947052,0.9604397416114807,0.9981484234333038,0.12576863
2081-2100,rcp45,Cabernet sauvignon,0.8950493,0.6673145234584809,0.9604397416114807,0.9981484234333038,0.13214444
2081-2100,rcp45,Juhfark,0.88668805,0.6474640786647796,0.958644449710846,0.9985945820808411,0.16716114
2081-2100,rcp45,Sárgamuskotály,0.8848964,0.6489978969097138,0.953830361366272,0.9980140626430511,0.16621606
2081-2100,rcp45,Fiano,0.8754104,0.6394224345684052,0.9257648587226868,0.9979320526123047,0.14630935
2081-2100,rcp45,Bíborkadarka,0.8751809,0.6391125559806824,0.9290614128112793,0.9961316823959351,0.14662425
2081-2100,rcp45,Alibernet,0.8703427,0.6387754023075104,0.9177793562412262,0.9936459779739379,0.14482212
2081-2100,rcp45,Zefír,0.8698307,0.6162432670593262,0.9338984787464142,0.9973678112030029,0.16876818
2081-2100,rcp45,Vulcanus,0.8698307,0.6162432670593262,0.9338984787464142,0.9973678112030029,0.16876818
2081-2100,rcp45,Auxerrois,0.8698307,0.6162432670593262,0.9338984787464142,0.9973678112030029,0.16876818
2081-2100,rcp45,Zeus,0.8698307,0.6162432670593262,0.9338984787464142,0.9973678112030029,0.16876818
2081-2100,rcp45,Nektár,0.8698307,0.6162432670593262,0.9338984787464142,0.9973678112030029,0.16876818
2081-2100,rcp45,Zweigelt,0.8667478,0.6162432670593262,0.9319188594818115,0.9980699956417084,0.17762549
2081-2100,rcp45,Kékfrankos,0.8667478,0.6162432670593262,0.9319188594818115,0.9980699956417084,0.17762549
2081-2100,rcp45,Olaszrizling,0.8663786,0.6162432670593262,0.9318300783634186,0.9980081498622895,0.17752537
2081-2100,rcp45,Cabernet Cortis,0.8663786,0.6162432670593262,0.9318300783634186,0.9980081498622895,0.17752537
2081-2100,rcp45,Portugieser,0.8663786,0.6162432670593262,0.9318300783634186,0.9980081498622895,0.17752537
2081-2100,rcp45,Malbec,0.86635697,0.6375574171543121,0.9176091551780701,0.9961316823959351,0.1528214
2081-2100,rcp45,Bianca,0.8656733,0.6162432670593262,0.9162781834602356,0.994260162115097,0.15793905
2081-2100,rcp45,Arany sárfehér,0.8652203,0.6086224377155304,0.9185444116592407,0.9977968871593476,0.16218491
2081-2100,rcp45,Kéknyelű,0.86157453,0.6086273908615113,0.9265009164810181,0.9971233069896698,0.1792974
2081-2100,rcp45,Tannat,0.8607758,0.6375453770160675,0.9107523858547211,0.9930374383926391,0.15113565
2081-2100,rcp45,Chardonnay,0.8593784,0.6162432670593262,0.9162781834602356,0.994260162115097,0.17460327
2081-2100,rcp45,Cirfandli,0.8433617,0.5832797825336457,0.9185444116592407,0.9977968871593476,0.20948726
2081-2100,rcp45,Zalagyöngye,0.820034,0.5251718401908875,0.8715035021305084,0.9862479090690612,0.1844263
2081-2100,rcp45,Cserszegi fűszeres,0.8142944,0.5251718401908875,0.8708647787570953,0.9781449556350708,0.18996201
2081-2100,rcp45,Generosa,0.8142944,0.5251718401908875,0.8708647787570953,0.9781449556350708,0.18996201
2081-2100,rcp45,Ezerjó,0.8142935,0.5238588571548461,0.8679205775260925,0.9898983657360076,0.19482
2081-2100,rcp45,Rózsakő,0.8136132,0.5064505040645599,0.8725530803203583,0.9898983657360076,0.20177665
2081-2100,rcp45,Leányka,0.80821043,0.5113715320825577,0.8778985738754272,0.9898983657360076,0.22002411
2081-2100,rcp45,Királyleányka,0.80821043,0.5113715320825577,0.8778985738754272,0.9898983657360076,0.22002411
2081-2100,rcp45,Budai zöld,0.80821043,0.5113715320825577,0.8778985738754272,0.9898983657360076,0.22002411
2081-2100,rcp45,Assyrtiko,0.80451816,0.44593085348606115,0.8768257200717926,0.9837737619876862,0.22021374
2081-2100,rcp45,Szürkebarát,0.8011434,0.5113715320825577,0.8708647787570953,0.9781449556350708,0.21583624
2081-2100,rcp45,Sauvignon blanc,0.8011434,0.5113715320825577,0.8708647787570953,0.9781449556350708,0.21583624
2081-2100,rcp45,Souvignier Gris,0.8011434,0.5113715320825577,0.8708647787570953,0.9781449556350708,0.21583624
2081-2100,rcp45,Sagrantino,0.79006416,0.4316346555948258,0.8662202656269073,0.9717439353466034,0.21995798
2081-2100,rcp45,Chasselas,0.74525523,0.43410042226314544,0.8209161460399628,0.9349728584289551,0.20358534
2081-2100,rcp45,Tempranillo,0.71927345,0.29728723466396334,0.8503778874874115,0.9565309166908265,0.25524026
2081-2100,rcp45,Zöld veltelíni,0.590004,0.281508418917656,0.6241054534912109,0.9329165697097779,0.22793366
2081-2100,rcp45,Pinot blanc,0.590004,0.281508418917656,0.6241054534912109,0.9329165697097779,0.22793366
2081-2100,rcp45,Muscat ottonel,0.57068646,0.19811831116676332,0.6241054534912109,0.9329165697097779,0.25183672
2081-2100,rcp45,Rajnai rizling,0.57068646,0.19811831116676332,0.6241054534912109,0.9329165697097779,0.25183672
2081-2100,rcp45,Pinot noir,0.57068646,0.19811831116676332,0.6241054534912109,0.9329165697097779,0.25183672
2081-2100,rcp45,Tramini,0.57068646,0.19811831116676332,0.6241054534912109,0.9329165697097779,0.25183672
2081-2100,rcp45,Müller-Thurgau,0.5643353,0.18169597536325455,0.6218729913234711,0.9329165697097779,0.25627252
2081-2100,rcp45,Rizlingszilváni,0.5643353,0.18169597536325455,0.6218729913234711,0.9329165697097779,0.25627252
2081-2100,rcp45,Irsai Olivér,0.5643353,0.18169597536325455,0.6218729913234711,0.9329165697097779,0.25627252
2081-2100,rcp45,Johanniter,0.560352,0.18169597536325455,0.6218729913234711,0.9150003790855408,0.25154892
2081-2100,rcp45,Muscaris,0.560352,0.18169597536325455,0.6218729913234711,0.9150003790855408,0.25154892
2081-2100,rcp45,Touriga Nacional,0.5590239,0.07918685898184777,0.6083386838436127,0.8914563953876495,0.31171185
2081-2100,rcp45,Bronner,0.4919581,0.13089148402214051,0.5156230032444,0.8606579780578614,0.24795102
2081-2100,rcp45,Solaris,0.4919581,0.13089148402214051,0.5156230032444,0.8606579780578614,0.24795102
2081-2100,rcp45,Aglianico,0.37619144,0.0,0.32500533759593964,0.8516408741474152,0.3235948
2081-2100,rcp45,Garnacha,0.3190798,0.0,0.24375399947166443,0.8516408741474152,0.30433264
2081-2100,rcp45,Carignan,0.3190798,0.0,0.24375399947166443,0.8516408741474152,0.30433264
2081-2100,rcp45,Mourvèdre,0.0011186213,0.0,0.0,0.0,0.013067587
2081-2100,rcp45,Nero d'Avola,0.0,0.0,0.0,0.0,0.0
2021-2040,rcp85,Zweigelt,0.9584078,0.8879411160945893,0.9773266911506653,0.9996434271335601,0.0487131
2021-2040,rcp85,Kékfrankos,0.9584078,0.8879411160945893,0.9773266911506653,0.9996434271335601,0.0487131
2021-2040,rcp85,Cabernet franc,0.9408457,0.8655637979507447,0.9673211872577667,0.9990635752677918,0.079930976
2021-2040,rcp85,Albariño,0.9369001,0.8484967231750489,0.9673485457897186,0.9985130667686463,0.08334143
2021-2040,rcp85,Cabernet Cortis,0.93545514,0.850689560174942,0.9625674188137054,0.9990979909896851,0.0798297
2021-2040,rcp85,Olaszrizling,0.93545514,0.850689560174942,0.9625674188137054,0.9990979909896851,0.0798297
2021-2040,rcp85,Portugieser,0.93545514,0.850689560174942,0.9625674188137054,0.9990979909896851,0.0798297
2021-2040,rcp85,Bianca,0.93193144,0.8571507155895233,0.956771731376648,0.9963902533054352,0.07704573
2021-2040,rcp85,Chardonnay,0.93020034,0.8456148266792297,0.956771731376648,0.9963902533054352,0.079537675
2021-2040,rcp85,Aletta,0.91369945,0.7639451801776886,0.9504303336143494,0.9976419925689697,0.110464364
2021-2040,rcp85,Cserszegi fűszeres,0.90250355,0.8082950592041016,0.9167394638061523,0.9939801037311554,0.08387185
2021-2040,rcp85,Generosa,0.90250355,0.8082950592041016,0.9167394638061523,0.9939801037311554,0.08387185
2021-2040,rcp85,Leányka,0.90184873,0.7681333482265473,0.931634396314621,0.9936232209205628,0.10500925
2021-2040,rcp85,Budai zöld,0.90184873,0.7681333482265473,0.931634396314621,0.9936232209205628,0.10500925
2021-2040,rcp85,Királyleányka,0.90184873,0.7681333482265473,0.931634396314621,0.9936232209205628,0.10500925
2021-2040,rcp85,Szürkebarát,0.89293087,0.7679976284503938,0.9167394638061523,0.9939801037311554,0.10287375
2021-2040,rcp85,Souvignier Gris,0.89293087,0.7679976284503938,0.9167394638061523,0.9939801037311554,0.10287375
2021-2040,rcp85,Sauvignon blanc,0.89293087,0.7679976284503938,0.9167394638061523,0.9939801037311554,0.10287375
2021-2040,rcp85,Zalagyöngye,0.88970786,0.7682865262031555,0.9111450612545013,0.9918093919754029,0.10277134
2021-2040,rcp85,Zengő,0.88967866,0.6834899842739105,0.9500789046287537,0.9977037191390992,0.1426745
2021-2040,rcp85,Zeus,0.8871044,0.7045359969139099,0.9398103356361389,0.9978390693664551,0.13698412
2021-2040,rcp85,Auxerrois,0.8871044,0.7045359969139099,0.9398103356361389,0.9978390693664551,0.13698412
2021-2040,rcp85,Vulcanus,0.8871044,0.7045359969139099,0.9398103356361389,0.9978390693664551,0.13698412
2021-2040,rcp85,Nektár,0.8871044,0.7045359969139099,0.9398103356361389,0.9978390693664551,0.13698412
2021-2040,rcp85,Zefír,0.8871044,0.7045359969139099,0.9398103356361389,0.9978390693664551,0.13698412
2021-2040,rcp85,Blauburger,0.87227225,0.6640114903450012,0.9209240078926086,0.9947627782821655,0.14387211
2021-2040,rcp85,Rózsakő,0.8616961,0.6790517091751098,0.8988718390464783,0.9910115003585815,0.13534436
2021-2040,rcp85,Turán,0.85078293,0.646793669462204,0.8902880847454071,0.9799422323703766,0.14143057
2021-2040,rcp85,Hárslevelű,0.8441487,0.58424072265625,0.9263001084327698,0.9986695528030396,0.18229742
2021-2040,rcp85,Kabar,0.8441487,0.58424072265625,0.9263001084327698,0.9986695528030396,0.18229742
2021-2040,rcp85,Kadarka,0.8441487,0.58424072265625,0.9263001084327698,0.9986695528030396,0.18229742
2021-2040,rcp85,Kövérszőlő,0.8441487,0.58424072265625,0.9263001084327698,0.9986695528030396,0.18229742
2021-2040,rcp85,Zenit,0.8441487,0.58424072265625,0.9263001084327698,0.9986695528030396,0.18229742
2021-2040,rcp85,Zéta,0.8441487,0.58424072265625,0.9263001084327698,0.9986695528030396,0.18229742
2021-2040,rcp85,Merlot,0.8441487,0.58424072265625,0.9263001084327698,0.9986695528030396,0.18229742
2021-2040,rcp85,Juhfark,0.8425921,0.58424072265625,0.9263001084327698,0.9986695528030396,0.18315361
2021-2040,rcp85,Gamay,0.8425465,0.575152862071991,0.9264989197254181,0.9963984608650207,0.18283409
2021-2040,rcp85,Sémillon,0.8425465,0.575152862071991,0.9264989197254181,0.9963984608650207,0.18283409
2021-2040,rcp85,Furmint,0.8425465,0.575152862071991,0.9264989197254181,0.9963984608650207,0.18283409
2021-2040,rcp85,Kövidinka,0.8425465,0.575152862071991,0.9264989197254181,0.9963984608650207,0.18283409
2021-2040,rcp85,Arany sárfehér,0.8394433,0.5994499266147614,0.8921104967594147,0.9967795968055725,0.1769893
2021-2040,rcp85,Kéknyelű,0.8384492,0.5928028464317322,0.894843578338623,0.9965696454048156,0.17963909
2021-2040,rcp85,Sárgamuskotály,0.8352557,0.5735312342643738,0.9156461954116821,0.996824425458908,0.18409428
2021-2040,rcp85,Cirfandli,0.82910603,0.5609984159469604,0.8921104967594147,0.9967795968055725,0.18610348
2021-2040,rcp85,Kunleány,0.826078,0.55497185587883,0.900238960981369,0.9856556534767151,0.18154125
2021-2040,rcp85,Ezerjó,0.81549263,0.5725070476531983,0.864751547574997,0.9890242874622345,0.1735379
2021-2040,rcp85,Chasselas,0.80674785,0.6064773559570312,0.8504640161991119,0.9503653764724731,0.13626345
2021-2040,rcp85,Vermentino,0.7985305,0.6079435169696807,0.6941829323768616,0.9971814095973969,0.17452998
2021-2040,rcp85,Verdejo,0.7985305,0.6079435169696807,0.6941829323768616,0.9971814095973969,0.17452998
2021-2040,rcp85,Sangiovese,0.7985305,0.6079435169696807,0.6941829323768616,0.9971814095973969,0.17452998
2021-2040,rcp85,Zöld veltelíni,0.7695186,0.5579946458339692,0.8392920792102814,0.982570368051529,0.18311456
2021-2040,rcp85,Pinot blanc,0.7695186,0.5579946458339692,0.8392920792102814,0.982570368051529,0.18311456
2021-2040,rcp85,Tramini,0.7473994,0.439809113740921,0.8392920792102814,0.982570368051529,0.21917394
2021-2040,rcp85,Rajnai rizling,0.7473994,0.439809113740921,0.8392920792102814,0.982570368051529,0.21917394
2021-2040,rcp85,Muscat ottonel,0.7473994,0.439809113740921,0.8392920792102814,0.982570368051529,0.21917394
2021-2040,rcp85,Pinot noir,0.7473994,0.439809113740921,0.8392920792102814,0.982570368051529,0.21917394
2021-2040,rcp85,Rizlingszilváni,0.7455435,0.42631766498088836,0.8392920792102814,0.982570368051529,0.22199172
2021-2040,rcp85,Irsai Olivér,0.7455435,0.42631766498088836,0.8392920792102814,0.982570368051529,0.22199172
2021-2040,rcp85,Müller-Thurgau,0.7455435,0.42631766498088836,0.8392920792102814,0.982570368051529,0.22199172
2021-2040,rcp85,Fiano,0.74243563,0.46707638800144197,0.6542912721633911,0.9669175267219544,0.19593991
2021-2040,rcp85,Johanniter,0.7368111,0.42631766498088836,0.8288107514381409,0.9633076667785645,0.2150844
2021-2040,rcp85,Muscaris,0.7368111,0.42631766498088836,0.8288107514381409,0.9633076667785645,0.2150844
2021-2040,rcp85,Syrah,0.72793096,0.42193647027015685,0.6954992711544037,0.9869885206222534,0.22253066
2021-2040,rcp85,Cabernet sauvignon,0.72793096,0.42193647027015685,0.6954992711544037,0.9869885206222534,0.22253066
2021-2040,rcp85,Menoire,0.7211413,0.41760568618774413,0.6863672733306885,0.9749407589435578,0.22027922
2021-2040,rcp85,Mészikadar,0.7211413,0.41760568618774413,0.6863672733306885,0.9749407589435578,0.22027922
2021-2040,rcp85,Solaris,0.67686003,0.34140430092811586,0.8387424051761627,0.8984755039215088,0.2241665
2021-2040,rcp85,Bronner,0.67686003,0.34140430092811586,0.8387424051761627,0.8984755039215088,0.2241665
2021-2040,rcp85,Bíborkadarka,0.67161924,0.3527840137481689,0.6490994393825531,0.9265145778656007,0.22871593
2021-2040,rcp85,Alibernet,0.6659353,0.3527840137481689,0.6467342376708984,0.9126931965351105,0.22410801
2021-2040,rcp85,Malbec,0.61826956,0.2846927285194397,0.6391512155532837,0.9050605654716493,0.2426668
2021-2040,rcp85,Tannat,0.6130129,0.28451123237609866,0.6383660733699799,0.8948516070842744,0.23856734
2021-2040,rcp85,Assyrtiko,0.5665194,0.13543611019849777,0.5934967696666718,0.8725890755653382,0.28621757
2021-2040,rcp85,Sagrantino,0.5208795,0.0974059782922268,0.5345627963542938,0.8570954442024231,0.28138232
2021-2040,rcp85,Tempranillo,0.4680511,0.09029073417186738,0.4126308709383011,0.8418828606605531,0.28299356
2021-2040,rcp85,Touriga Nacional,0.29920226,0.0,0.20044247806072235,0.7002291560173036,0.26847833
2021-2040,rcp85,Aglianico,0.14091715,0.0,0.0,0.45356287658214567,0.19203724
2021-2040,rcp85,Garnacha,0.10566174,0.0,0.0,0.3401721566915512,0.14404292
2021-2040,rcp85,Carignan,0.10566174,0.0,0.0,0.3401721566915512,0.14404292
2021-2040,rcp85,Nero d'Avola,0.0,0.0,0.0,0.0,0.0
2021-2040,rcp85,Mourvèdre,0.0,0.0,0.0,0.0,0.0
2041-2060,rcp85,Aletta,0.95292574,0.8829725503921508,0.9715654253959656,0.999116575717926,0.0558258
2041-2060,rcp85,Zengő,0.93925136,0.8645946085453033,0.9662380814552307,0.9984371483325958,0.07920983
2041-2060,rcp85,Blauburger,0.9372916,0.8580564439296723,0.963541179895401,0.9986674964427948,0.079383895
2041-2060,rcp85,Kunleány,0.9336431,0.8544846475124359,0.9583415389060974,0.9985105812549591,0.07857252
2041-2060,rcp85,Kövidinka,0.9326267,0.8563866972923279,0.957592099905014,0.998324203491211,0.08271355
2041-2060,rcp85,Turán,0.92895526,0.8525820195674896,0.9520782828330994,0.9970505118370057,0.077313155
2041-2060,rcp85,Furmint,0.92878675,0.8514933347702026,0.957592099905014,0.998324203491211,0.09316766
2041-2060,rcp85,Gamay,0.9258137,0.842845779657364,0.957592099905014,0.998324203491211,0.10153758
2041-2060,rcp85,Sémillon,0.9258137,0.842845779657364,0.957592099905014,0.998324203491211,0.10153758
2041-2060,rcp85,Albariño,0.9218859,0.8318470776081085,0.9693628251552582,0.9987168848514557,0.13992083
2041-2060,rcp85,Zenit,0.9137359,0.8051555752754211,0.9453348517417908,0.9975920140743255,0.107243724
2041-2060,rcp85,Hárslevelű,0.90948963,0.7798671245574952,0.9453348517417908,0.9975920140743255,0.11808806
2041-2060,rcp85,Zéta,0.90948963,0.7798671245574952,0.9453348517417908,0.9975920140743255,0.11808806
2041-2060,rcp85,Kabar,0.90948963,0.7798671245574952,0.9453348517417908,0.9975920140743255,0.11808806
2041-2060,rcp85,Kövérszőlő,0.90948963,0.7798671245574952,0.9453348517417908,0.9975920140743255,0.11808806
2041-2060,rcp85,Kadarka,0.90925884,0.7798671245574952,0.9453348517417908,0.9975920140743255,0.11875417
2041-2060,rcp85,Merlot,0.90925884,0.7798671245574952,0.9453348517417908,0.9975920140743255,0.11875417
2041-2060,rcp85,Cabernet franc,0.8935282,0.6441036760807037,0.9577193260192871,0.9983108162879943,0.1571574
2041-2060,rcp85,Vermentino,0.87750113,0.6447322428226471,0.9621367156505585,0.998504889011383,0.15690958
2041-2060,rcp85,Verdejo,0.87750113,0.6447322428226471,0.9621367156505585,0.998504889011383,0.15690958
2041-2060,rcp85,Sangiovese,0.87750113,0.6447322428226471,0.9621367156505585,0.998504889011383,0.15690958
2041-2060,rcp85,Mészikadar,0.87397677,0.6411920189857483,0.9509572088718414,0.9977516174316406,0.15518628
2041-2060,rcp85,Syrah,0.86787987,0.6408101856708527,0.9458686411380768,0.9981566727161407,0.15801407
2041-2060,rcp85,Menoire,0.86683774,0.6399471223354339,0.9509572088718414,0.9977516174316406,0.16240959
2041-2060,rcp85,Bianca,0.8653385,0.6049923539161682,0.9183282554149628,0.9967444539070129,0.16929315
2041-2060,rcp85,Juhfark,0.86424404,0.5856990933418275,0.9452921450138092,0.9975920140743255,0.19025
2041-2060,rcp85,Sárgamuskotály,0.86071193,0.5856990933418275,0.9428083300590515,0.9976556837558747,0.18976815
2041-2060,rcp85,Kékfrankos,0.8603987,0.5577125430107117,0.9305581450462341,0.9966491341590882,0.19639552
2041-2060,rcp85,Zweigelt,0.8603987,0.5577125430107117,0.9305581450462341,0.9966491341590882,0.19639552
2041-2060,rcp85,Cabernet sauvignon,0.8603688,0.6379519522190094,0.9458686411380768,0.9981566727161407,0.16754977
2041-2060,rcp85,Auxerrois,0.8597228,0.5820226430892944,0.9255890250205994,0.9963887572288513,0.18259585
2041-2060,rcp85,Nektár,0.8597228,0.5820226430892944,0.9255890250205994,0.9963887572288513,0.18259585
2041-2060,rcp85,Vulcanus,0.8597228,0.5820226430892944,0.9255890250205994,0.9963887572288513,0.18259585
2041-2060,rcp85,Zeus,0.8597228,0.5820226430892944,0.9255890250205994,0.9963887572288513,0.18259585
2041-2060,rcp85,Zefír,0.8597228,0.5820226430892944,0.9255890250205994,0.9963887572288513,0.18259585
2041-2060,rcp85,Portugieser,0.85919774,0.5577125430107117,0.9304099678993225,0.9965607941150665,0.19621502
2041-2060,rcp85,Olaszrizling,0.85919774,0.5577125430107117,0.9304099678993225,0.9965607941150665,0.19621502
2041-2060,rcp85,Cabernet Cortis,0.85919774,0.5577125430107117,0.9304099678993225,0.9965607941150665,0.19621502
2041-2060,rcp85,Chardonnay,0.85454136,0.5575398087501526,0.9183282554149628,0.9967444539070129,0.19468784
2041-2060,rcp85,Arany sárfehér,0.8529999,0.5960703313350677,0.9162747859954834,0.995484071969986,0.1748778
2041-2060,rcp85,Kéknyelű,0.84347427,0.5316592574119567,0.9214733242988586,0.9955373108386993,0.19895545
2041-2060,rcp85,Fiano,0.83608395,0.5404169023036957,0.9167743921279907,0.9948380351066589,0.19302443
2041-2060,rcp85,Bíborkadarka,0.8340586,0.5312997400760651,0.9092828333377838,0.9955627858638764,0.19509539
2041-2060,rcp85,Alibernet,0.8305648,0.5312997400760651,0.9007869958877563,0.9939646661281586,0.1923022
2041-2060,rcp85,Zalagyöngye,0.82191515,0.4926176428794861,0.8730094730854034,0.9918083369731903,0.19740075
2041-2060,rcp85,Malbec,0.81833196,0.5189452469348907,0.9014182388782501,0.994902354478836,0.20302588
2041-2060,rcp85,Generosa,0.8160185,0.4765025734901429,0.872521698474884,0.9905063152313233,0.20810999
2041-2060,rcp85,Cserszegi fűszeres,0.8160185,0.4765025734901429,0.872521698474884,0.9905063152313233,0.20810999
2041-2060,rcp85,Cirfandli,0.8157096,0.43299694359302526,0.9139550626277924,0.995484071969986,0.23882401
2041-2060,rcp85,Tannat,0.8129789,0.5189452469348907,0.8944752812385559,0.9913507163524627,0.20064928
2041-2060,rcp85,Rózsakő,0.8103657,0.4536540508270265,0.8736205101013184,0.9937207758426666,0.21639574
2041-2060,rcp85,Ezerjó,0.8047629,0.45073815286159513,0.8696042895317078,0.9934274911880493,0.21156077
2041-2060,rcp85,Királyleányka,0.7974117,0.3862571299076081,0.8800685405731201,0.9942452192306519,0.24606213
2041-2060,rcp85,Leányka,0.7974117,0.3862571299076081,0.8800685405731201,0.9942452192306519,0.24606213
2041-2060,rcp85,Budai zöld,0.7974117,0.3862571299076081,0.8800685405731201,0.9942452192306519,0.24606213
2041-2060,rcp85,Sauvignon blanc,0.7923533,0.3862571299076081,0.872521698474884,0.9905063152313233,0.24339686
2041-2060,rcp85,Souvignier Gris,0.7923533,0.3862571299076081,0.872521698474884,0.9905063152313233,0.24339686
2041-2060,rcp85,Szürkebarát,0.7923533,0.3862571299076081,0.872521698474884,0.9905063152313233,0.24339686
2041-2060,rcp85,Assyrtiko,0.75137633,0.27067398726940156,0.8659657537937164,0.985481572151184,0.27742338
2041-2060,rcp85,Chasselas,0.74991316,0.38884633183479317,0.8252065777778625,0.9631081700325013,0.21979491
2041-2060,rcp85,Sagrantino,0.7294718,0.24547987431287766,0.8580957651138306,0.9651099264621735,0.2755041
2041-2060,rcp85,Tempranillo,0.67216575,0.18044932633638383,0.8146426677703857,0.9563259541988373,0.29563615
2041-2060,rcp85,Zöld veltelíni,0.60405576,0.21336172223091127,0.6278227865695953,0.9701144218444824,0.25695086
2041-2060,rcp85,Pinot blanc,0.60405576,0.21336172223091127,0.6278227865695953,0.9701144218444824,0.25695086
2041-2060,rcp85,Muscat ottonel,0.57261616,0.11747411862015729,0.6222582161426544,0.9701144218444824,0.2870983
2041-2060,rcp85,Rajnai rizling,0.57261616,0.11747411862015729,0.6222582161426544,0.9701144218444824,0.2870983
2041-2060,rcp85,Pinot noir,0.57261616,0.11747411862015729,0.6222582161426544,0.9701144218444824,0.2870983
2041-2060,rcp85,Tramini,0.57261616,0.11747411862015729,0.6222582161426544,0.9701144218444824,0.2870983
2041-2060,rcp85,Müller-Thurgau,0.56790257,0.10925105214118962,0.619717925786972,0.9701144218444824,0.2903347
2041-2060,rcp85,Rizlingszilváni,0.56790257,0.10925105214118962,0.619717925786972,0.9701144218444824,0.2903347
2041-2060,rcp85,Irsai Olivér,0.56790257,0.10925105214118962,0.619717925786972,0.9701144218444824,0.2903347
2041-2060,rcp85,Johanniter,0.5634594,0.10925105214118962,0.619717925786972,0.9492192447185517,0.28540924
2041-2060,rcp85,Muscaris,0.5634594,0.10925105214118962,0.619717925786972,0.9492192447185517,0.28540924
2041-2060,rcp85,Touriga Nacional,0.51860636,0.0,0.5806673169136047,0.8933724761009216,0.32922557
2041-2060,rcp85,Bronner,0.5005259,0.08144896700978281,0.5145832002162933,0.8846054553985596,0.27882734
2041-2060,rcp85,Solaris,0.5005259,0.08144896700978281,0.5145832002162933,0.8846054553985596,0.27882734
2041-2060,rcp85,Aglianico,0.34656915,0.0,0.3040361702442169,0.8516839861869812,0.31813893
2041-2060,rcp85,Garnacha,0.2965167,0.0,0.2280271276831627,0.8516839861869812,0.3021701
2041-2060,rcp85,Carignan,0.2965167,0.0,0.2280271276831627,0.8516839861869812,0.3021701
2041-2060,rcp85,Mourvèdre,0.00015645643,0.0,0.0,0.0,0.0027457993
2041-2060,rcp85,Nero d'Avola,0.0,0.0,0.0,0.0,0.0
2061-2080,rcp85,Tannat,0.9444118,0.8831286311149598,0.9704465866088867,0.9989023089408875,0.08043083
2061-2080,rcp85,Malbec,0.9437582,0.8819719851016998,0.9695167541503906,0.9987166881561279,0.083398595
2061-2080,rcp85,Alibernet,0.9416813,0.8826360464096069,0.9704465866088867,0.9989501416683197,0.09295457
2061-2080,rcp85,Assyrtiko,0.93329394,0.8604089975357055,0.9486123025417328,0.9982015907764434,0.07118722
2061-2080,rcp85,Bíborkadarka,0.9329201,0.8714585781097413,0.9695167541503906,0.9987166881561279,0.12125331
2061-2080,rcp85,Mészikadar,0.9307773,0.8654791831970214,0.9695290923118591,0.9987977802753448,0.1271669
2061-2080,rcp85,Turán,0.92808276,0.8607033014297486,0.9782730340957642,0.999493145942688,0.15177393
2061-2080,rcp85,Kunleány,0.9264091,0.8637680411338806,0.9704442024230957,0.9993132948875427,0.12633137
2061-2080,rcp85,Sagrantino,0.9214554,0.8536714255809784,0.9368143081665039,0.9970637738704682,0.08293867
2061-2080,rcp85,Aletta,0.9168333,0.8507238268852234,0.9711270928382874,0.9994880020618438,0.15683801
2061-2080,rcp85,Blauburger,0.9069654,0.739977240562439,0.9714581668376923,0.9993132948875427,0.18372376
2061-2080,rcp85,Menoire,0.90639275,0.734924703836441,0.9695290923118591,0.9987977802753448,0.18022995
2061-2080,rcp85,Verdejo,0.8940606,0.6703291475772858,0.9739024341106415,0.9987977802753448,0.20229976
2061-2080,rcp85,Fiano,0.89381754,0.708281296491623,0.962017685174942,0.9987166881561279,0.19610398
2061-2080,rcp85,Tempranillo,0.8930993,0.7705754339694977,0.9099484384059906,0.9951670646667481,0.10899408
2061-2080,rcp85,Kövidinka,0.8930163,0.8110054969787599,0.9444858431816101,0.9970650732517242,0.16451018
2061-2080,rcp85,Syrah,0.88663936,0.6998732089996339,0.950644314289093,0.9991214454174042,0.19096877
2061-2080,rcp85,Sangiovese,0.8855595,0.6511200249195099,0.9739024341106415,0.9987977802753448,0.21752691
2061-2080,rcp85,Vermentino,0.8855595,0.6511200249195099,0.9739024341106415,0.9987977802753448,0.21752691
2061-2080,rcp85,Zengő,0.88402367,0.7152329564094544,0.9449846148490906,0.9973142564296722,0.18825641
2061-2080,rcp85,Furmint,0.88349015,0.7152329564094544,0.9444858431816101,0.9970650732517242,0.18640596
2061-2080,rcp85,Gamay,0.87436163,0.6493437051773071,0.9444858431816101,0.9970650732517242,0.202236
2061-2080,rcp85,Sémillon,0.87436163,0.6493437051773071,0.9444858431816101,0.9970650732517242,0.202236
2061-2080,rcp85,Cabernet sauvignon,0.8667995,0.6283132195472717,0.950644314289093,0.9991214454174042,0.22110188
2061-2080,rcp85,Zenit,0.84206885,0.5967037439346313,0.8987800478935242,0.9916034936904907,0.20691074
2061-2080,rcp85,Hárslevelű,0.83169305,0.5501937210559845,0.8987800478935242,0.9916034936904907,0.2216514
2061-2080,rcp85,Zéta,0.83169305,0.5501937210559845,0.8987800478935242,0.9916034936904907,0.2216514
2061-2080,rcp85,Kövérszőlő,0.83169305,0.5501937210559845,0.8987800478935242,0.9916034936904907,0.2216514
2061-2080,rcp85,Kabar,0.83169305,0.5501937210559845,0.8987800478935242,0.9916034936904907,0.2216514
2061-2080,rcp85,Merlot,0.8302707,0.5382479012012482,0.8987800478935242,0.9916034936904907,0.22376509
2061-2080,rcp85,Kadarka,0.8302707,0.5382479012012482,0.8987800478935242,0.9916034936904907,0.22376509
2061-2080,rcp85,Albariño,0.8287453,0.457706019282341,0.9454775154590607,0.9973729848861694,0.25853637
2061-2080,rcp85,Touriga Nacional,0.8010429,0.5027837932109833,0.86189004778862,0.9792565107345581,0.1886928
2061-2080,rcp85,Cabernet franc,0.7290733,0.3929596602916718,0.6756886839866638,0.9936541795730591,0.25759506
2061-2080,rcp85,Sárgamuskotály,0.7070496,0.29939916729927063,0.6808606088161469,0.9944681644439698,0.28432548
2061-2080,rcp85,Juhfark,0.7038402,0.29939916729927063,0.6756886839866638,0.9916034936904907,0.2823931
2061-2080,rcp85,Arany sárfehér,0.6784691,0.33050247728824617,0.6408418715000153,0.9539130210876465,0.2544706
2061-2080,rcp85,Bianca,0.6749,0.33050247728824617,0.6400646865367889,0.9376956224441528,0.25075522
2061-2080,rcp85,Vulcanus,0.6739572,0.28600597679615025,0.6413695812225342,0.9655883491039277,0.26817214
2061-2080,rcp85,Zefír,0.6739572,0.28600597679615025,0.6413695812225342,0.9655883491039277,0.26817214
2061-2080,rcp85,Auxerrois,0.6739572,0.28600597679615025,0.6413695812225342,0.9655883491039277,0.26817214
2061-2080,rcp85,Zeus,0.6739572,0.28600597679615025,0.6413695812225342,0.9655883491039277,0.26817214
2061-2080,rcp85,Nektár,0.6739572,0.28600597679615025,0.6413695812225342,0.9655883491039277,0.26817214
2061-2080,rcp85,Kéknyelű,0.6611798,0.24900631010532379,0.6413695812225342,0.9640098094940186,0.27992153
2061-2080,rcp85,Kékfrankos,0.65979797,0.24900631010532379,0.6408418715000153,0.955499279499054,0.27837592
2061-2080,rcp85,Zweigelt,0.65979797,0.24900631010532379,0.6408418715000153,0.955499279499054,0.27837592
2061-2080,rcp85,Cabernet Cortis,0.65979797,0.24900631010532379,0.6408418715000153,0.955499279499054,0.27837592
2061-2080,rcp85,Portugieser,0.65979797,0.24900631010532379,0.6408418715000153,0.955499279499054,0.27837592
2061-2080,rcp85,Olaszrizling,0.65979797,0.24900631010532379,0.6408418715000153,0.955499279499054,0.27837592
2061-2080,rcp85,Chardonnay,0.65468574,0.24900631010532379,0.6400646865367889,0.9376956224441528,0.27353263
2061-2080,rcp85,Aglianico,0.65101725,0.2219716712832451,0.7468323409557343,0.9252844274044036,0.27561077
2061-2080,rcp85,Cirfandli,0.61796033,0.12205286696553232,0.6403653025627136,0.9539130210876465,0.3134317
2061-2080,rcp85,Zalagyöngye,0.6118298,0.228525884449482,0.5815647840499878,0.8961528778076172,0.26612866
2061-2080,rcp85,Carignan,0.60945165,0.1664787545800209,0.740687370300293,0.9324582040309907,0.30715296
2061-2080,rcp85,Garnacha,0.60945165,0.1664787545800209,0.740687370300293,0.9324582040309907,0.30715296
2061-2080,rcp85,Ezerjó,0.6024083,0.19861345291137694,0.5815647840499878,0.9011525392532349,0.27712452
2061-2080,rcp85,Generosa,0.6012022,0.19861345291137694,0.5815647840499878,0.8904461085796356,0.2753149
2061-2080,rcp85,Cserszegi fűszeres,0.6012022,0.19861345291137694,0.5815647840499878,0.8904461085796356,0.2753149
2061-2080,rcp85,Rózsakő,0.5932015,0.17336146533489227,0.5722422301769257,0.9030649244785309,0.28494298
2061-2080,rcp85,Királyleányka,0.5703364,0.10037785992026331,0.5789120197296143,0.9030649244785309,0.30883083
2061-2080,rcp85,Budai zöld,0.5703364,0.10037785992026331,0.5789120197296143,0.9030649244785309,0.30883083
2061-2080,rcp85,Leányka,0.5703364,0.10037785992026331,0.5789120197296143,0.9030649244785309,0.30883083
2061-2080,rcp85,Sauvignon blanc,0.5676702,0.10037785992026331,0.5789120197296143,0.8904461085796356,0.3058632
2061-2080,rcp85,Souvignier Gris,0.5676702,0.10037785992026331,0.5789120197296143,0.8904461085796356,0.3058632
2061-2080,rcp85,Szürkebarát,0.5676702,0.10037785992026331,0.5789120197296143,0.8904461085796356,0.3058632
2061-2080,rcp85,Chasselas,0.52892435,0.14859554469585418,0.4904933571815491,0.8519206821918488,0.26672867
2061-2080,rcp85,Zöld veltelíni,0.36472315,0.05162833482027055,0.3252270668745041,0.6389405071735382,0.22631823
2061-2080,rcp85,Pinot blanc,0.36472315,0.05162833482027055,0.3252270668745041,0.6389405071735382,0.22631823
2061-2080,rcp85,Tramini,0.32993603,0.0,0.2980352193117142,0.6389405071735382,0.24898234
2061-2080,rcp85,Muscat ottonel,0.32993603,0.0,0.2980352193117142,0.6389405071735382,0.24898234
2061-2080,rcp85,Rajnai rizling,0.32993603,0.0,0.2980352193117142,0.6389405071735382,0.24898234
2061-2080,rcp85,Pinot noir,0.32993603,0.0,0.2980352193117142,0.6389405071735382,0.24898234
2061-2080,rcp85,Irsai Olivér,0.32152963,0.0,0.28174421191215515,0.6389405071735382,0.24913882
2061-2080,rcp85,Müller-Thurgau,0.32152963,0.0,0.28174421191215515,0.6389405071735382,0.24913882
2061-2080,rcp85,Rizlingszilváni,0.32152963,0.0,0.28174421191215515,0.6389405071735382,0.24913882
2061-2080,rcp85,Johanniter,0.3210879,0.0,0.28174421191215515,0.6385595321655273,0.2484472
2061-2080,rcp85,Muscaris,0.3210879,0.0,0.28174421191215515,0.6385595321655273,0.2484472
2061-2080,rcp85,Solaris,0.26366258,0.0,0.2177872434258461,0.5542606055736542,0.21657276
2061-2080,rcp85,Bronner,0.26366258,0.0,0.2177872434258461,0.5542606055736542,0.21657276
2061-2080,rcp85,Mourvèdre,0.037018083,0.0,0.0,0.0,0.14151344
2061-2080,rcp85,Nero d'Avola,0.010820769,0.0,0.0,0.0,0.068173714
2081-2100,rcp85,Assyrtiko,0.9322585,0.8527659237384796,0.9624036252498627,0.9982828915119171,0.09198635
2081-2100,rcp85,Sagrantino,0.9187703,0.7986637771129608,0.9707529842853546,0.9990362703800202,0.14664909
2081-2100,rcp85,Tempranillo,0.91635936,0.8504787027835846,0.9538449048995972,0.998409116268158,0.11868252
2081-2100,rcp85,Touriga Nacional,0.9155718,0.848153430223465,0.9377917051315308,0.9972846269607544,0.09733569
2081-2100,rcp85,Tannat,0.8927869,0.6780042707920074,0.9665676951408386,0.99871906042099,0.18621103
2081-2100,rcp85,Malbec,0.87119305,0.6461852252483368,0.9409298598766327,0.9975952863693237,0.19527906
2081-2100,rcp85,Alibernet,0.87119216,0.5742071270942688,0.9665676951408386,0.99871906042099,0.22130768
2081-2100,rcp85,Carignan,0.86174965,0.6628384292125702,0.9059571623802185,0.9944007158279419,0.16606756
2081-2100,rcp85,Garnacha,0.86174965,0.6628384292125702,0.9059571623802185,0.9944007158279419,0.16606756
2081-2100,rcp85,Aglianico,0.85968196,0.6531580269336701,0.8978327512741089,0.9944007158279419,0.15499589
2081-2100,rcp85,Bíborkadarka,0.82108694,0.42592913508415225,0.9409298598766327,0.9975952863693237,0.26234436
2081-2100,rcp85,Mészikadar,0.785872,0.3706496149301529,0.8880362510681152,0.9917633652687072,0.26264054
2081-2100,rcp85,Kunleány,0.76363826,0.42142810821533205,0.8839997053146362,0.9871316909790039,0.24330445
2081-2100,rcp85,Turán,0.75948966,0.31944684088230135,0.928009569644928,0.9973591804504395,0.29036117
2081-2100,rcp85,Aletta,0.7268302,0.2779872089624405,0.8806014358997345,0.980586975812912,0.2868336
2081-2100,rcp85,Menoire,0.71903515,0.15981656759977342,0.883927047252655,0.9917633652687072,0.3140823
2081-2100,rcp85,Fiano,0.71531165,0.07939354479312898,0.9159885048866272,0.9975952863693237,0.3389793
2081-2100,rcp85,Blauburger,0.6969501,0.1791570708155632,0.8811816275119781,0.9871316909790039,0.31701615
2081-2100,rcp85,Kövidinka,0.689614,0.23652757108211517,0.8527016937732697,0.9519916236400604,0.28866976
2081-2100,rcp85,Verdejo,0.6869614,0.06537866592407227,0.8668055236339569,0.9917633652687072,0.33456445
2081-2100,rcp85,Furmint,0.66484636,0.16470182240009307,0.8518185913562775,0.9519916236400604,0.30894512
2081-2100,rcp85,Syrah,0.6624461,0.14367616027593613,0.8523723483085632,0.9688529253005982,0.32004887
2081-2100,rcp85,Zengő,0.66055447,0.15243685543537142,0.8518185913562775,0.9519916236400604,0.312941
2081-2100,rcp85,Sangiovese,0.65314645,0.04903400130569935,0.8333683609962463,0.9917633652687072,0.35074162
2081-2100,rcp85,Vermentino,0.65314645,0.04903400130569935,0.8333683609962463,0.9917633652687072,0.35074162
2081-2100,rcp85,Sémillon,0.64210594,0.10198242142796517,0.8512184023857117,0.9519916236400604,0.3255717
2081-2100,rcp85,Gamay,0.64210594,0.10198242142796517,0.8512184023857117,0.9519916236400604,0.3255717
2081-2100,rcp85,Cabernet sauvignon,0.622407,0.042029143124818806,0.8057495653629303,0.9688529253005982,0.34540862
2081-2100,rcp85,Zenit,0.597302,0.0841058611869812,0.7720226645469666,0.9062663614749908,0.31888536
2081-2100,rcp85,Kövérszőlő,0.5778271,0.03677549995481968,0.7317618429660797,0.9062663614749908,0.3309993
2081-2100,rcp85,Zéta,0.5778271,0.03677549995481968,0.7317618429660797,0.9062663614749908,0.3309993
2081-2100,rcp85,Kabar,0.5778271,0.03677549995481968,0.7317618429660797,0.9062663614749908,0.3309993
2081-2100,rcp85,Hárslevelű,0.5778271,0.03677549995481968,0.7317618429660797,0.9062663614749908,0.3309993
2081-2100,rcp85,Merlot,0.5719782,0.03301957845687866,0.719865083694458,0.9062663614749908,0.3338707
2081-2100,rcp85,Kadarka,0.5719782,0.03301957845687866,0.719865083694458,0.9062663614749908,0.3338707
2081-2100,rcp85,Albariño,0.55449855,0.0,0.6560086309909821,0.9519916236400604,0.36932456
2081-2100,rcp85,Cabernet franc,0.43891189,0.02201305273920298,0.5398988127708435,0.6818775057792664,0.2796025
2081-2100,rcp85,Sárgamuskotály,0.40275252,0.0,0.44024819135665894,0.6876754462718964,0.29754785
2081-2100,rcp85,Juhfark,0.4015158,0.0,0.44024819135665894,0.6818775057792664,0.29595944
2081-2100,rcp85,Arany sárfehér,0.3910634,0.01600885149091482,0.45582035183906555,0.6433638095855713,0.26443285
2081-2100,rcp85,Bianca,0.39034387,0.01600885149091482,0.45582035183906555,0.6420082330703736,0.26313615
2081-2100,rcp85,Auxerrois,0.37819722,0.0,0.41491615772247314,0.6442813038825989,0.27207613
2081-2100,rcp85,Nektár,0.37819722,0.0,0.41491615772247314,0.6442813038825989,0.27207613
2081-2100,rcp85,Zeus,0.37819722,0.0,0.41491615772247314,0.6442813038825989,0.27207613
2081-2100,rcp85,Vulcanus,0.37819722,0.0,0.41491615772247314,0.6442813038825989,0.27207613
2081-2100,rcp85,Zefír,0.37819722,0.0,0.41491615772247314,0.6442813038825989,0.27207613
2081-2100,rcp85,Kéknyelű,0.36101502,0.0,0.3705354928970337,0.6442813038825989,0.27907747
2081-2100,rcp85,Zweigelt,0.36057347,0.0,0.3705354928970337,0.6433638095855713,0.27827737
2081-2100,rcp85,Olaszrizling,0.36057347,0.0,0.3705354928970337,0.6433638095855713,0.27827737
2081-2100,rcp85,Portugieser,0.36057347,0.0,0.3705354928970337,0.6433638095855713,0.27827737
2081-2100,rcp85,Cabernet Cortis,0.36057347,0.0,0.3705354928970337,0.6433638095855713,0.27827737
2081-2100,rcp85,Kékfrankos,0.36057347,0.0,0.3705354928970337,0.6433638095855713,0.27827737
2081-2100,rcp85,Chardonnay,0.35985395,0.0,0.3705354928970337,0.6420082330703736,0.276966
2081-2100,rcp85,Zalagyöngye,0.32353413,0.0,0.3383811414241791,0.5931530952453613,0.24872781
2081-2100,rcp85,Cirfandli,0.31068656,0.0,0.2567823678255081,0.6433638095855713,0.28918475
2081-2100,rcp85,Ezerjó,0.3103028,0.0,0.299460232257843,0.5931530952453613,0.25440848
2081-2100,rcp85,Cserszegi fűszeres,0.31007227,0.0,0.299460232257843,0.5931530952453613,0.25386488
2081-2100,rcp85,Generosa,0.31007227,0.0,0.299460232257843,0.5931530952453613,0.25386488
2081-2100,rcp85,Rózsakő,0.29346725,0.0,0.27034683525562286,0.5857619464397431,0.25309587
2081-2100,rcp85,Leányka,0.2704683,0.0,0.20825153589248657,0.5931530952453613,0.26352334
2081-2100,rcp85,Budai zöld,0.2704683,0.0,0.20825153589248657,0.5931530952453613,0.26352334
2081-2100,rcp85,Királyleányka,0.2704683,0.0,0.20825153589248657,0.5931530952453613,0.26352334
2081-2100,rcp85,Souvignier Gris,0.2702378,0.0,0.20825153589248657,0.5931530952453613,0.26296356
2081-2100,rcp85,Sauvignon blanc,0.2702378,0.0,0.20825153589248657,0.5931530952453613,0.26296356
2081-2100,rcp85,Szürkebarát,0.2702378,0.0,0.20825153589248657,0.5931530952453613,0.26296356
2081-2100,rcp85,Chasselas,0.2536407,0.0,0.23172585666179657,0.5020816683769226,0.22201651
2081-2100,rcp85,Mourvèdre,0.23730798,0.0,0.0,0.8519546449184418,0.3371192
2081-2100,rcp85,Zöld veltelíni,0.1523859,0.0,0.10459016636013985,0.33472111225128176,0.16364363
2081-2100,rcp85,Pinot blanc,0.1523859,0.0,0.10459016636013985,0.33472111225128176,0.16364363
2081-2100,rcp85,Nero d'Avola,0.13194367,0.0,0.0,0.7011196732521057,0.2664308
2081-2100,rcp85,Tramini,0.12211491,0.0,0.03937061131000519,0.33063825070858005,0.16177237
2081-2100,rcp85,Rajnai rizling,0.12211491,0.0,0.03937061131000519,0.33063825070858005,0.16177237
2081-2100,rcp85,Pinot noir,0.12211491,0.0,0.03937061131000519,0.33063825070858005,0.16177237
2081-2100,rcp85,Muscat ottonel,0.12211491,0.0,0.03937061131000519,0.33063825070858005,0.16177237
2081-2100,rcp85,Rizlingszilváni,0.11393098,0.0,0.031196055933833122,0.314911288022995,0.15672168
2081-2100,rcp85,Müller-Thurgau,0.11393098,0.0,0.031196055933833122,0.314911288022995,0.15672168
2081-2100,rcp85,Irsai Olivér,0.11393098,0.0,0.031196055933833122,0.314911288022995,0.15672168
2081-2100,rcp85,Muscaris,0.113898054,0.0,0.031196055933833122,0.314911288022995,0.15660687
2081-2100,rcp85,Johanniter,0.113898054,0.0,0.031196055933833122,0.314911288022995,0.15660687
2081-2100,rcp85,Solaris,0.08584204,0.0,0.01626660395413637,0.24407795220613482,0.12694405
2081-2100,rcp85,Bronner,0.08584204,0.0,0.01626660395413637,0.24407795220613482,0.12694405
